ply
format ascii 1.0
element vertex 5000
property float x
property float y
property float z
end_header
0.858078 -0.510637 -0.054332
0.981023 0.128392 -0.145290
0.984065 0.141016 0.108303
0.866726 -0.469455 0.168514
0.915845 0.316254 -0.247408
0.965483 -0.251486 0.067805
0.872577 0.488106 -0.019010
0.881648 -0.340340 0.326904
0.907895 0.391257 -0.150483
0.912982 0.406609 0.033669
0.978798 0.141098 0.148478
0.905682 -0.341214 -0.251621
0.870048 0.375658 0.319214
0.893534 0.151985 -0.422490
0.980126 0.000857 -0.198376
0.963502 -0.134729 -0.231326
0.886641 -0.362538 0.287113
0.979092 0.198701 0.043559
0.987895 -0.086055 -0.129064
0.880524 -0.313202 -0.355784
0.906902 0.092120 -0.411149
0.984500 -0.159827 -0.072212
0.978781 0.194828 -0.063482
0.937042 0.345244 -0.052533
0.943904 0.045970 0.327004
0.982759 0.136089 -0.125158
0.979330 -0.165650 0.116070
0.967877 0.215023 -0.130306
0.849091 0.340562 0.403809
0.885491 0.456119 0.088658
0.972543 0.218847 0.079155
0.865556 0.467784 0.178861
0.938975 0.100233 -0.329059
0.887337 0.455576 0.071300
0.991347 -0.130048 -0.017824
0.929190 0.252841 -0.269588
0.999474 -0.002110 -0.032350
0.982277 -0.159792 -0.097971
0.916300 -0.390429 -0.089211
0.942113 0.152333 0.298694
0.900247 -0.085509 0.426899
0.890532 -0.164642 -0.424081
0.868550 0.478772 -0.128057
0.909728 0.263553 -0.320836
0.950927 0.221289 -0.216263
0.931487 0.171223 -0.320959
0.848918 0.200446 0.489039
0.996579 0.077762 -0.027988
0.904962 -0.113087 -0.410189
0.862622 0.261122 -0.433242
0.852428 0.511287 0.109321
0.867257 0.307125 0.391842
0.894387 -0.396349 0.207315
0.951431 0.194646 0.238522
0.972160 -0.218861 0.083696
0.915031 0.016804 0.403033
0.943554 0.308996 0.119279
0.982593 -0.178704 0.050753
0.860797 -0.442259 -0.251864
0.892978 0.450058 -0.006170
0.964703 0.077654 -0.251632
0.935789 -0.022041 0.351870
0.881435 -0.294459 -0.369279
0.905944 -0.215665 -0.364354
0.877753 0.273759 0.393198
0.970331 0.238157 0.041699
0.876786 -0.132315 -0.462318
0.909645 0.357930 -0.210790
0.899229 0.385891 -0.206093
0.968737 -0.233107 0.084911
0.956364 -0.272052 -0.106564
0.870829 0.002280 0.491581
0.985871 0.139210 0.093163
0.975028 -0.095906 -0.200308
0.920361 0.380589 -0.089936
0.958543 0.263419 -0.108657
0.887703 0.318361 -0.332611
0.902008 -0.427222 -0.062156
0.853407 -0.202742 -0.480199
0.934887 0.301563 0.187205
0.856168 0.508788 0.090062
0.983307 -0.152738 -0.098883
0.883491 0.318543 0.343474
0.941355 -0.131619 -0.310688
0.863655 -0.500255 0.062001
0.984524 -0.137688 -0.108415
0.917294 0.378533 -0.123630
0.863617 0.345209 -0.367418
0.943325 -0.329342 -0.040879
0.860267 0.178943 -0.477409
0.900163 0.407069 -0.154924
0.993217 0.036427 -0.110425
0.896500 -0.275431 -0.347024
0.894873 0.235012 -0.379435
0.964794 0.262181 -0.020818
0.892227 0.450145 -0.036073
0.884691 0.127045 0.448533
0.888874 0.189970 0.416911
0.932787 -0.131969 -0.335400
0.906457 0.416803 0.067899
0.923503 -0.188113 0.334299
0.925822 -0.373489 -0.057954
0.977741 -0.187258 0.094639
0.979554 -0.151953 0.131848
0.922162 -0.210749 -0.324349
0.915650 0.401860 0.009657
0.868937 -0.392773 -0.301126
0.937971 0.230316 -0.259163
0.957692 0.038303 -0.285233
0.982541 0.052634 0.178443
0.987073 -0.075826 -0.141200
0.984435 -0.005193 0.175670
0.924872 -0.227806 0.304494
0.877883 0.294481 -0.377628
0.989466 0.109443 -0.094764
0.851103 0.416901 -0.319086
0.975910 0.084312 0.201225
0.942987 -0.140629 -0.301661
0.920730 0.338994 -0.193233
0.874798 -0.200076 0.441246
0.968045 -0.157440 0.195195
0.974371 0.220766 -0.043173
0.994385 -0.102023 0.028110
0.895450 0.426120 -0.128807
0.871030 -0.486091 -0.070865
0.948373 -0.121090 -0.293130
0.970849 -0.227654 -0.075002
0.957171 -0.282131 0.065009
0.960679 0.020260 -0.276921
0.987393 -0.055608 -0.148199
0.950982 0.115221 0.286981
0.882060 0.275685 -0.382057
0.880959 0.429668 0.198232
0.947102 0.261519 0.186027
0.996582 0.079886 -0.021028
0.892420 0.111332 0.437256
0.949041 0.240390 -0.203796
0.861862 -0.238659 0.447477
0.865052 0.192434 0.463307
0.898118 0.400263 -0.182134
0.853801 0.206369 -0.477950
0.851665 -0.018483 -0.523760
0.943676 -0.322635 -0.073363
0.953405 -0.155852 0.258320
0.976130 -0.170089 -0.135058
0.957318 -0.103409 -0.269906
0.956392 0.161262 -0.243535
0.889372 0.456014 0.032699
0.982240 -0.051253 -0.180494
0.854228 -0.312373 -0.415592
0.908161 0.119903 0.401083
0.851306 -0.392478 0.348195
0.957922 -0.078332 0.276134
0.857438 0.203600 -0.472596
0.866226 0.122134 0.484496
0.858173 -0.498400 -0.123029
0.997472 -0.058572 -0.040230
0.979387 0.004202 0.201949
0.859201 0.038582 0.510181
0.946112 0.320344 0.047444
0.987474 0.139483 0.073751
0.863889 -0.032781 0.502614
0.862273 0.229408 -0.451506
0.925306 -0.031718 -0.377892
0.989086 -0.037138 -0.142579
0.913209 0.356831 -0.196774
0.945570 -0.259476 0.196393
0.943011 -0.325911 0.067172
0.987276 -0.110868 0.113994
0.933090 -0.348101 0.090384
0.895985 -0.084203 -0.436029
0.967619 0.211773 -0.137352
0.962283 0.240729 0.126735
0.972457 0.028685 0.231312
0.867800 0.406851 0.285297
0.946258 -0.150970 0.286013
0.865481 0.481158 0.139389
0.935124 -0.133460 -0.328225
0.926563 0.114554 0.358270
0.913600 -0.277261 0.297423
0.882738 -0.454848 0.117845
0.905009 -0.008739 0.425303
0.930620 -0.035976 0.364214
0.928225 0.352593 -0.118645
0.866202 0.478783 -0.143041
0.966905 0.249766 -0.052079
0.871874 0.443427 -0.207866
0.950306 -0.274992 0.145939
0.994769 0.013868 0.101209
0.939753 0.339969 0.035850
0.849131 -0.103521 -0.517938
0.934806 -0.157543 -0.318304
0.943527 -0.263005 0.201459
0.903333 0.194978 0.382065
0.891941 -0.255168 0.373269
0.936269 0.230495 0.265091
0.915150 0.350415 0.199275
0.987221 -0.124782 0.099119
0.926473 -0.342308 0.156439
0.959292 0.196204 0.203131
0.942102 -0.005900 0.335273
0.954187 0.216890 0.206120
0.960162 0.265477 0.087241
0.884306 0.396227 -0.246995
0.983712 0.138581 -0.114480
0.999146 -0.014149 0.038813
0.957446 0.265866 0.112306
0.919319 0.159189 0.359877
0.877770 0.049325 -0.476537
0.989314 -0.028137 -0.143060
0.873086 -0.452556 -0.181420
0.928399 -0.369195 -0.042074
0.909113 -0.340572 -0.239843
0.993382 -0.063441 0.095751
0.856728 -0.001928 0.515766
0.952223 -0.051527 0.301027
0.921238 -0.371941 0.113929
0.957489 0.228586 0.175965
0.906178 0.360837 -0.220538
0.955339 -0.183913 0.231308
0.848889 0.223414 0.479034
0.946127 -0.111041 -0.304160
0.904350 0.390970 -0.171155
0.884993 0.459554 -0.074820
0.942270 0.307897 0.131633
0.869214 0.174884 -0.462474
0.917624 0.109441 -0.382084
0.999192 0.034133 0.021242
0.857455 -0.421360 -0.295342
0.964456 0.256044 0.065315
0.868895 0.459355 -0.184430
0.888484 -0.254976 -0.381553
0.960104 -0.075476 -0.269265
0.889825 0.436662 0.132431
0.898502 -0.363595 -0.245951
0.918591 0.387196 0.079181
0.951979 -0.168103 0.255884
0.922711 -0.173623 -0.344180
0.957585 0.011890 0.287907
0.937600 -0.272052 0.216551
0.932597 -0.334473 0.135609
0.914270 -0.115982 -0.388148
0.858983 -0.070194 -0.507170
0.948051 0.237930 0.211158
0.950645 -0.241164 0.195230
0.880849 -0.342380 0.326927
0.904016 0.335666 0.264731
0.880183 -0.469175 0.071785
0.960070 -0.050502 -0.275165
0.940962 -0.196470 -0.275663
0.953414 0.301605 -0.006064
0.987874 0.144720 -0.056217
0.870646 -0.314158 -0.378523
0.931492 0.363629 0.009832
0.970242 0.145438 -0.193594
0.922355 0.282818 0.263202
0.943360 -0.237359 -0.231801
0.848355 0.529328 -0.010264
0.857771 0.476030 -0.193968
0.960587 0.274583 0.043324
0.946232 0.319587 -0.050095
0.921478 -0.248640 0.298422
0.905873 0.403009 -0.130302
0.944412 -0.150648 -0.292218
0.983846 0.164887 0.069711
0.866720 -0.489389 0.096410
0.941460 -0.288372 -0.174629
0.910156 0.376760 0.172242
0.959709 0.026708 0.279723
0.880909 0.467001 -0.076866
0.920098 -0.007141 0.391623
0.914026 0.404148 -0.034943
0.889859 -0.056828 0.452684
0.868345 -0.137630 -0.476482
0.983342 -0.155440 0.094213
0.959624 0.207939 -0.189431
0.866153 -0.316586 0.386719
0.993161 -0.110694 0.037123
0.975887 -0.207822 -0.066736
0.903540 -0.308131 -0.297775
0.974790 -0.011339 -0.222836
0.875275 0.009856 -0.483526
0.911803 0.244941 0.329574
0.984557 -0.136082 0.110130
0.923547 -0.314823 -0.218969
0.950673 -0.266781 0.158264
0.849161 -0.468446 0.243894
0.973965 0.141956 0.176751
0.875560 -0.400866 0.269633
0.858987 -0.510624 -0.037466
0.946532 -0.231901 -0.224276
0.882891 -0.179333 0.433984
0.994370 -0.103629 0.022112
0.890667 -0.453573 -0.031358
0.916262 0.207108 -0.342884
0.971583 0.059240 0.229167
0.851574 0.472148 -0.227810
0.849179 -0.290002 -0.441354
0.987799 -0.111541 -0.108680
0.971240 -0.049508 -0.232900
0.944662 0.321224 0.066555
0.962920 -0.045843 -0.265864
0.976323 0.013760 -0.215882
0.859728 0.100843 0.500699
0.944499 -0.325335 0.045603
0.852835 0.043241 -0.520386
0.849761 -0.140657 0.508057
0.965682 0.256788 0.038968
0.864066 -0.444960 0.235372
0.995257 -0.067404 0.070148
0.967908 0.248924 0.034518
0.920613 0.367526 0.131895
0.976756 -0.207359 -0.054317
0.946373 -0.214596 -0.241510
0.968931 0.148806 -0.197558
0.890983 -0.406859 0.201532
0.910592 -0.012927 -0.413104
0.901525 0.311490 0.300378
0.997286 0.068833 0.026125
0.877656 -0.352811 0.324415
0.940521 0.314132 -0.129391
0.855752 0.503879 -0.117448
0.933879 -0.033017 0.356062
0.943766 0.266416 -0.195774
0.981553 -0.030602 0.188728
0.881113 0.004522 0.472884
0.926811 0.180915 0.329075
0.857759 -0.499474 -0.121556
0.986730 0.079709 -0.141458
0.884415 0.466684 -0.004074
0.924697 -0.343912 0.163278
0.864068 0.300320 0.403973
0.923542 0.368989 -0.104481
0.963146 -0.162414 -0.214412
0.890500 0.220740 0.397849
0.897779 0.193910 0.395464
0.953389 0.246630 -0.173845
0.860780 -0.384746 -0.333208
0.917275 0.083410 0.389422
0.936968 -0.134280 0.322585
0.901322 -0.348068 0.257814
0.960498 -0.275292 0.040726
0.968774 0.037882 -0.245035
0.869680 -0.011431 0.493483
0.964271 0.071170 -0.255179
0.865926 0.493157 -0.083476
0.943986 -0.185350 -0.273013
0.921925 -0.027147 -0.386415
0.886739 0.155580 -0.435303
0.857136 0.152218 0.492084
0.934733 0.318306 -0.157972
0.988409 -0.151080 0.014894
0.905896 -0.293792 -0.305023
0.934496 0.219265 -0.280429
0.894168 -0.091419 -0.438300
0.920743 -0.313285 -0.232561
0.892246 0.342499 -0.294264
0.960298 -0.251433 0.120867
0.926060 0.027357 -0.376384
0.862920 -0.267305 0.428856
0.906430 0.253009 0.338189
0.984109 0.177327 0.009232
0.969858 0.086495 -0.227803
0.981898 -0.091538 -0.165826
0.988554 -0.015698 -0.150049
0.872831 -0.435145 -0.220943
0.925551 0.337191 -0.172214
0.987410 -0.103935 0.119244
0.859886 -0.503856 0.082003
0.999331 0.022205 0.029060
0.862811 -0.215594 -0.457248
0.961071 -0.070904 -0.267049
0.932295 0.321921 0.164900
0.983985 0.163929 -0.070010
0.956091 -0.241986 0.165325
0.990800 0.075723 0.112165
0.910263 0.040803 -0.412016
0.924425 0.369209 -0.095514
0.878084 -0.256782 -0.403773
0.933003 -0.119456 0.339464
0.908743 0.359834 0.211438
0.866239 0.100773 0.489362
0.885518 0.448211 0.122336
0.866522 -0.115226 -0.485658
0.883252 -0.085559 -0.461026
0.907324 -0.195686 0.372116
0.875179 -0.056393 -0.480502
0.968838 0.114901 0.219433
0.917624 0.375894 0.129108
0.977203 -0.119094 -0.175761
0.922341 0.100301 -0.373131
0.954895 -0.156751 -0.252200
0.856365 -0.433442 -0.280655
0.964251 -0.106669 0.242572
0.924887 -0.068929 0.373943
0.955567 -0.151475 0.252879
0.928610 0.184500 0.321937
0.952438 -0.295045 -0.076232
0.975435 -0.186620 0.117043
0.891545 0.058679 -0.449116
0.867736 -0.383239 -0.316486
0.931781 -0.112531 0.345139
0.942623 -0.322945 0.084664
0.968417 -0.043598 0.245494
0.905768 -0.415857 -0.081533
0.960847 0.181104 -0.209702
0.963871 -0.136296 0.228859
0.979369 0.162819 0.119692
0.891480 0.046843 -0.450632
0.900900 0.426863 -0.078533
0.851526 0.452145 -0.265458
0.885446 0.219811 0.409474
0.950641 0.302952 -0.067103
0.945983 0.143147 -0.290905
0.945515 -0.321597 0.050761
0.867076 0.150159 0.475006
0.888917 -0.107002 0.445395
0.904617 -0.014421 0.425982
0.855969 0.516794 0.015522
0.961063 0.098848 -0.258044
0.934046 -0.258615 0.246328
0.891478 0.308200 -0.332082
0.864694 0.246545 -0.437630
0.946508 -0.113504 0.302058
0.899392 0.428758 0.085205
0.970587 -0.094182 0.221565
0.982663 0.162611 -0.089053
0.864748 0.502163 0.006527
0.937898 -0.034930 -0.345149
0.933383 -0.331310 -0.137947
0.870806 0.461662 -0.169011
0.859017 0.435426 -0.269247
0.979814 0.177272 -0.092408
0.921335 -0.034710 -0.387217
0.966821 -0.041492 0.252062
0.929252 -0.363336 -0.066912
0.998902 -0.006820 0.046356
0.950230 0.243827 -0.193934
0.932114 -0.216298 -0.290481
0.878854 -0.453286 0.148821
0.911895 0.343955 -0.223924
0.987584 0.005737 0.156986
0.972080 -0.019450 0.233843
0.974506 -0.152889 -0.164202
0.936487 -0.040299 0.348378
0.918248 -0.339838 -0.203300
0.878616 -0.316425 0.357645
0.912456 -0.409073 0.009065
0.872403 -0.471595 -0.128495
0.910646 -0.402952 0.091396
0.945014 0.275318 -0.176490
0.916603 0.192933 -0.350165
0.851933 0.115091 -0.510847
0.937526 -0.344870 -0.045926
0.920917 -0.147398 0.360813
0.889662 0.035850 0.455210
0.917338 0.018635 -0.397673
0.871863 0.126709 0.473074
0.968837 -0.234579 -0.079539
0.931793 -0.336515 -0.136085
0.912793 0.114993 0.391900
0.884016 -0.388396 -0.260125
0.953017 0.048613 0.298991
0.862165 0.303034 0.406008
0.888396 -0.069622 0.453768
0.881471 -0.449997 -0.143221
0.994812 -0.039087 0.093923
0.979812 0.014556 -0.199391
0.959479 -0.148560 0.239435
0.898606 -0.329497 0.289723
0.915940 0.166921 -0.364954
0.888044 0.170656 0.426913
0.941633 0.312219 -0.125886
0.897180 0.411889 0.159425
0.888413 0.431324 0.157105
0.920103 -0.381779 0.087495
0.927750 0.373169 0.005022
0.913203 0.363220 0.184746
0.906346 -0.410113 0.101703
0.986206 -0.118091 0.115986
0.901287 -0.346281 0.260331
0.849914 0.353359 -0.390876
0.944361 -0.326168 -0.042397
0.965454 -0.255291 -0.052197
0.918380 -0.382178 0.102558
0.913590 -0.329466 0.238341
0.925682 -0.338603 0.168707
0.941696 -0.290380 0.169963
0.951378 -0.104899 -0.289614
0.939525 -0.259847 -0.223097
0.910383 -0.396646 -0.117792
0.957183 -0.202213 -0.207148
0.979976 0.044680 -0.194038
0.865782 -0.491086 -0.096210
0.943673 0.316172 -0.097549
0.864904 0.320702 0.386124
0.917844 -0.196944 -0.344639
0.898746 -0.016713 0.438151
0.933402 -0.051283 0.355148
0.989073 -0.147424 -0.001287
0.992801 0.110307 -0.046677
0.916867 0.286178 0.278312
0.881452 0.138917 -0.451380
0.876748 0.333120 0.346906
0.958101 -0.281201 -0.054475
0.859996 -0.493365 0.130373
0.907983 0.062947 -0.414252
0.982940 0.128150 0.131937
0.912563 -0.370920 0.172183
0.960551 -0.158494 -0.228520
0.944971 0.258470 -0.200558
0.925265 -0.252511 -0.283059
0.924045 -0.018147 -0.381853
0.986014 0.005249 0.166579
0.881605 -0.046053 -0.469736
0.894163 -0.172702 0.413093
0.888537 0.334781 -0.313725
0.940750 0.071591 -0.331457
0.996289 -0.041353 -0.075490
0.893046 0.087000 0.441474
0.938672 -0.340215 -0.056117
0.991594 -0.081978 0.100100
0.882520 0.284204 0.374681
0.957304 -0.130168 -0.258117
0.904941 0.145419 -0.399919
0.927204 -0.373627 0.026355
0.921923 0.192117 0.336375
0.861039 0.435543 -0.262515
0.848325 0.526626 -0.054861
0.995380 -0.095205 -0.012430
0.881752 0.069942 -0.466498
0.922609 0.245079 0.297874
0.992394 -0.088630 -0.085433
0.947820 0.084965 0.307275
0.856085 0.166058 0.489431
0.854521 0.165184 -0.492450
0.871829 0.129128 0.472482
0.908886 -0.090187 -0.407176
0.891945 0.157177 -0.423945
0.865005 -0.346964 0.362467
0.908749 0.298922 -0.291239
0.900407 0.426071 0.087921
0.916018 -0.063506 -0.396079
0.901920 -0.398826 -0.165765
0.852478 -0.509327 -0.117760
0.869307 -0.235743 -0.434432
0.887470 -0.106093 0.448488
0.958557 -0.108694 -0.263352
0.983562 0.102067 -0.148958
0.951592 0.179477 -0.249521
0.849356 -0.520517 0.087502
0.889952 0.289297 -0.352551
0.907190 0.322136 0.270618
0.954683 0.072064 0.288769
0.885151 0.168342 -0.433784
0.974012 -0.169312 0.150444
0.954867 0.149724 -0.256539
0.957482 0.278353 -0.075809
0.977426 -0.127030 -0.168824
0.886252 0.296360 -0.355988
0.874684 0.483665 -0.031567
0.900013 -0.187812 -0.393323
0.932381 0.310090 0.185768
0.898263 -0.067246 0.434283
0.917047 0.340852 0.206987
0.951582 -0.306197 0.027124
0.869554 0.369009 0.328188
0.939157 0.155284 -0.306385
0.932324 -0.145290 -0.331154
0.913595 -0.360225 -0.188631
0.881403 0.268786 0.388437
0.918771 0.217929 -0.329190
0.850257 0.509890 -0.130671
0.977722 -0.206216 0.039179
0.906691 -0.230999 -0.352918
0.991498 -0.130044 0.004470
0.876456 0.208942 -0.433784
0.948737 0.158305 -0.273567
0.970326 -0.220739 0.098697
0.869042 0.238793 -0.433294
0.972537 0.231905 0.019799
0.921135 -0.384852 0.058299
0.998051 -0.002701 0.062341
0.909348 -0.375181 0.179793
0.937126 -0.312002 0.156364
0.868067 -0.381613 0.317538
0.959965 0.087354 -0.266152
0.856031 -0.457806 0.240050
0.981651 -0.056155 0.182228
0.905596 -0.413181 -0.095804
0.976877 -0.196503 0.084252
0.937004 -0.126360 -0.325664
0.880804 0.391769 -0.265897
0.971065 -0.227280 0.073326
0.929650 -0.266016 -0.254925
0.911592 0.202868 0.357553
0.944735 -0.087842 -0.315849
0.856072 0.511585 0.073629
0.958979 -0.259172 -0.114849
0.977626 0.190565 0.089066
0.862176 -0.288689 0.416307
0.963826 0.101178 -0.246581
0.940293 0.210562 -0.267417
0.982945 0.056940 -0.174862
0.937635 0.289288 0.192753
0.980754 -0.111242 -0.160461
0.877510 -0.300431 0.373788
0.958958 -0.063429 -0.276362
0.920776 -0.369147 -0.126104
0.968814 -0.110203 0.221936
0.849331 0.280167 0.447373
0.935723 -0.328502 0.128487
0.883396 -0.430820 0.184406
0.939331 0.339863 -0.046374
0.907022 -0.395093 0.145650
0.893951 -0.216480 -0.392413
0.965714 0.204101 -0.160432
0.990146 -0.130982 0.049542
0.989065 0.078168 -0.125060
0.988293 0.109424 0.106318
0.904324 0.385811 -0.182614
0.937207 0.261693 -0.230563
0.876904 -0.478063 -0.049954
0.933049 0.284899 0.219664
0.920091 0.380524 0.092917
0.988436 -0.088119 -0.123405
0.985469 0.019750 -0.168702
0.890046 -0.438449 0.124823
0.858260 -0.505942 -0.086098
0.888133 -0.280953 0.363711
0.877994 0.123498 -0.462465
0.913051 0.371550 -0.168195
0.870083 -0.483736 -0.094632
0.943758 0.064686 -0.324248
0.888296 -0.447916 -0.101493
0.951430 0.237135 0.196338
0.899938 0.351828 -0.257543
0.997294 -0.068023 -0.027898
0.978182 -0.159461 -0.133164
0.953768 0.289661 0.080141
0.960432 0.140423 -0.240524
0.943220 -0.242556 -0.226942
0.973605 -0.137272 -0.182345
0.896180 -0.443631 0.007212
0.878509 -0.247346 -0.408707
0.870275 -0.321653 -0.373042
0.861053 0.252525 -0.441382
0.875486 0.056229 -0.479960
0.934231 0.150178 -0.323509
0.945196 0.134131 -0.297681
0.998754 -0.047984 0.013683
0.903714 0.068111 0.422683
0.987353 0.028276 0.155994
0.966849 0.220562 0.128668
0.965828 0.248118 0.074928
0.974782 0.144315 0.170214
0.942568 0.126022 0.309328
0.876185 -0.324797 0.356100
0.984500 -0.075755 0.158181
0.883499 0.370534 0.286590
0.965969 0.196045 0.168734
0.957688 0.138375 0.252360
0.990110 -0.109175 0.088107
0.912449 -0.193550 -0.360522
0.883944 0.451962 -0.119889
0.966742 0.216680 0.135866
0.876139 0.288758 0.386005
0.909286 0.342927 0.235796
0.966292 0.249449 -0.063685
0.905708 0.158726 -0.393064
0.912789 0.400386 0.080672
0.995373 0.054276 0.079291
0.911940 0.121582 -0.391898
0.975533 0.214649 -0.047551
0.954146 0.180707 -0.238643
0.964183 -0.262263 0.039615
0.907862 0.131709 -0.398045
0.970584 0.190468 -0.147267
0.859666 0.366538 -0.355845
0.933223 -0.336321 0.126427
0.948213 0.083015 0.306597
0.995033 -0.028440 -0.095398
0.911925 0.195708 0.360683
0.892562 -0.406883 -0.194368
0.995854 -0.045951 -0.078506
0.889829 -0.038817 -0.454639
0.888416 -0.255787 0.381168
0.948195 0.202063 0.245147
0.856975 -0.511497 -0.062958
0.933238 -0.043382 0.356630
0.923726 -0.104578 -0.368503
0.855454 0.474015 -0.208586
0.898815 -0.022962 0.437727
0.911230 0.357880 0.203915
0.962708 -0.115034 0.244867
0.932618 0.281756 0.225471
0.966154 0.045253 -0.253966
0.984498 0.034609 -0.171949
0.856482 -0.515720 0.021717
0.923396 0.135822 0.359015
0.877499 0.355982 0.321359
0.923762 0.095676 0.370822
0.894768 -0.427299 -0.129634
0.869974 -0.454259 -0.191816
0.922770 0.371112 0.103790
0.990856 0.117525 -0.066275
0.987069 -0.135936 -0.084953
0.944938 0.278603 -0.171678
0.923630 -0.078210 -0.375221
0.939137 -0.274467 0.206615
0.871762 -0.013695 0.489738
0.946569 0.316310 -0.062883
0.958802 -0.127639 0.253786
0.943353 -0.100990 -0.316047
0.976573 -0.142662 0.161098
0.933715 0.126467 0.334936
0.996994 0.074843 -0.020063
0.955198 -0.022948 -0.295075
0.924176 -0.364634 0.113758
0.856300 0.342702 -0.386401
0.965730 -0.199385 0.166167
0.868179 -0.495232 -0.031794
0.910240 -0.306203 -0.278751
0.985155 -0.168060 -0.034998
0.906806 0.026101 -0.420739
0.887020 -0.066683 -0.456891
0.983666 -0.009989 -0.179728
0.905978 -0.284593 0.313386
0.984754 -0.147016 -0.092986
0.923898 0.061410 -0.377680
0.899911 -0.291095 0.324689
0.856532 -0.289308 0.427380
0.946672 0.139888 -0.290247
0.951431 -0.268475 0.150666
0.896575 0.401582 0.186776
0.967608 -0.204836 -0.147573
0.876033 0.464423 0.129912
0.864132 0.082195 0.496508
0.890645 0.398694 -0.218620
0.885529 0.464107 -0.021051
0.939292 0.103974 0.326986
0.944573 -0.326185 0.037203
0.948397 0.157149 -0.275403
0.966329 0.047808 0.252829
0.856795 0.498823 0.130682
0.886862 0.175919 0.427233
0.884609 0.421081 0.200396
0.999143 -0.040465 -0.008762
0.881375 0.312353 -0.354420
0.979848 -0.048832 -0.193682
0.922815 -0.352764 0.154822
0.942910 -0.123598 0.309265
0.937669 0.224253 0.265493
0.934710 0.263296 0.238732
0.874302 0.304734 -0.377802
0.849893 -0.369544 -0.375657
0.905195 0.173900 0.387789
0.887220 0.348471 -0.302339
0.906950 -0.252667 0.337047
0.955113 0.196808 0.221417
0.852316 0.467118 0.235284
0.872220 0.035846 -0.487798
0.996059 -0.078850 0.040607
0.849894 0.484023 -0.208331
0.980970 -0.179150 0.074858
0.867342 0.186970 0.461260
0.942839 0.153538 0.295772
0.998027 -0.037341 0.050472
0.974863 -0.190625 -0.115342
0.992900 0.116418 -0.024422
0.978840 -0.093388 -0.182073
0.889735 0.003427 -0.456465
0.999446 0.022755 0.024276
0.893867 0.218165 0.391671
0.902634 -0.409880 -0.131337
0.922138 0.354875 0.154030
0.969818 0.046017 -0.239448
0.920666 -0.376503 -0.103051
0.929291 -0.310645 -0.199796
0.877221 -0.227942 -0.422522
0.947692 -0.119711 -0.295887
0.884751 0.463112 -0.052376
0.860135 0.146417 -0.488601
0.959197 0.146881 0.241591
0.877396 0.410602 0.248157
0.921535 -0.231363 0.311842
0.989660 -0.141144 0.025512
0.959911 0.181149 0.213906
0.932919 -0.292243 -0.210371
0.960138 0.279046 0.016403
0.851394 0.524526 -0.000904
0.922277 -0.386230 0.015196
0.916472 -0.181122 -0.356756
0.949887 0.146357 0.276213
0.894899 -0.440505 -0.071497
0.993538 -0.107743 -0.035676
0.920302 0.176432 -0.349166
0.873494 -0.403857 -0.271859
0.887328 -0.162013 0.431741
0.973810 -0.042359 0.223382
0.950771 -0.160833 0.264890
0.941187 -0.193538 -0.276965
0.940782 -0.303534 -0.150985
0.860769 -0.318199 0.397274
0.899858 -0.161164 -0.405316
0.901954 0.430347 0.035791
0.986465 0.009016 0.163725
0.950184 0.090331 0.298312
0.994823 -0.059368 -0.082478
0.861588 -0.243037 -0.445645
0.957203 -0.287076 -0.036728
0.934307 -0.191364 0.300751
0.890273 -0.169712 -0.422625
0.856326 0.392283 0.335888
0.958166 -0.034610 -0.284112
0.975110 0.091172 -0.202111
0.935174 -0.310084 0.171166
0.935826 0.309604 0.168451
0.865035 0.296881 -0.404445
0.884975 0.465531 -0.009979
0.936537 0.303579 -0.175322
0.856369 -0.490329 -0.161894
0.953108 -0.023959 -0.301679
0.889955 -0.149861 -0.430722
0.906209 -0.310456 0.287060
0.852968 0.422923 0.305910
0.996673 0.057544 0.057717
0.869651 -0.247227 0.427301
0.940993 -0.034251 0.336688
0.887513 -0.309707 0.341178
0.882900 -0.459025 -0.098915
0.932822 -0.359533 -0.024076
0.907565 -0.405261 -0.109955
0.858449 0.085064 0.505796
0.948470 -0.247556 -0.197790
0.887371 -0.205605 -0.412673
0.876215 0.302013 0.375546
0.903777 0.216829 -0.369015
0.969517 -0.230244 -0.083817
0.978514 0.205349 0.018483
0.916825 -0.387707 -0.095468
0.893618 -0.167935 0.416227
0.863914 0.154510 -0.479352
0.907479 -0.003934 0.420079
0.970995 0.171506 0.166596
0.877565 -0.388175 -0.281425
0.867099 0.497432 0.026467
0.904920 -0.368331 0.213196
0.951701 0.264841 0.155320
0.888329 -0.148325 0.434594
0.901601 -0.223370 -0.370434
0.908717 -0.298740 -0.291528
0.862811 -0.439911 -0.249069
0.867939 -0.490301 0.079295
0.859459 -0.113356 0.498478
0.864454 0.458810 -0.205457
0.896930 -0.276532 0.345033
0.958742 0.228217 -0.169503
0.886109 0.172382 0.430227
0.928782 0.091479 -0.359158
0.939460 -0.338721 0.051803
0.925393 0.157352 -0.344801
0.982214 0.076839 -0.171323
0.936688 -0.266974 -0.226583
0.997828 0.061003 -0.024859
0.995348 -0.091254 -0.030891
0.979182 0.074685 0.188745
0.939346 -0.215463 0.266843
0.927330 -0.080615 0.365459
0.876481 0.356427 0.323637
0.995348 0.095886 0.009366
0.904469 0.245030 0.349137
0.913921 0.397583 -0.081702
0.958430 0.010958 0.285116
0.848201 -0.442616 -0.290941
0.927561 -0.368680 0.060870
0.951359 -0.291482 0.099767
0.873623 0.421134 -0.243779
0.982116 0.053845 0.180412
0.863982 0.502125 0.037493
0.934884 -0.225551 -0.274080
0.932877 0.005335 -0.360155
0.882165 0.415574 0.221548
0.927992 0.357004 -0.106670
0.986502 -0.085335 0.139753
0.906527 0.110759 0.407359
0.889380 -0.355759 0.287120
0.940714 0.284281 0.185042
0.882495 0.139754 -0.449078
0.929665 0.310805 -0.197797
0.916767 -0.229207 -0.327113
0.897863 -0.439015 0.033302
0.930959 0.109100 -0.348443
0.949544 0.310291 0.045676
0.900233 -0.269474 -0.342001
0.993581 -0.033902 0.107927
0.992008 0.119948 0.039158
0.951101 -0.294383 0.093513
0.981602 -0.037168 0.187286
0.935473 0.112939 0.334865
0.925384 -0.357359 0.126329
0.955433 -0.156068 0.250581
0.925103 -0.377925 0.036833
0.929091 -0.160667 0.333129
0.894938 -0.444971 -0.032979
0.907320 -0.343183 -0.242890
0.848513 -0.475440 0.232342
0.931035 0.327515 -0.160959
0.891581 -0.073558 -0.446847
0.904544 0.359782 -0.228817
0.849131 -0.067407 0.523864
0.911782 -0.327731 0.247479
0.960238 -0.049127 -0.274826
0.902549 0.389566 0.183422
0.875622 0.286513 -0.388840
0.887441 -0.453624 -0.081690
0.987222 -0.013208 -0.158800
0.872881 -0.241668 0.423882
0.995807 -0.087201 -0.027660
0.982997 -0.128777 0.130895
0.877406 0.076692 0.473580
0.919845 0.115893 0.374771
0.863861 -0.257241 -0.433095
0.976584 0.210230 -0.045691
0.889216 0.198903 0.411985
0.923890 -0.089606 -0.372020
0.962066 0.205436 -0.179514
0.871238 0.031616 -0.489841
0.908013 -0.006296 0.418895
0.992841 0.111558 -0.042684
0.939367 0.334858 0.073897
0.952913 0.287205 -0.097309
0.908725 -0.416040 -0.033601
0.898421 0.215397 0.382680
0.951939 0.039469 0.303733
0.915906 0.397561 0.055335
0.970453 0.150771 0.188387
0.858080 0.301982 -0.415338
0.906984 -0.224424 -0.356392
0.881217 -0.382305 0.278027
0.849470 -0.116802 0.514546
0.964668 -0.189680 -0.182860
0.927048 0.172173 0.333075
0.860389 0.479027 -0.173966
0.863281 0.299577 -0.406202
0.994776 0.089267 -0.049515
0.939164 0.192236 -0.284635
0.916681 0.363064 -0.166974
0.964119 -0.001938 0.265465
0.886070 -0.251132 -0.389631
0.971676 0.010287 0.236092
0.907459 -0.243592 0.342316
0.981335 -0.185334 0.051318
0.874154 0.179275 0.451347
0.902938 -0.427259 -0.046405
0.909860 -0.299093 0.287572
0.944533 0.328093 -0.014541
0.867635 -0.491559 0.074691
0.973072 0.226619 -0.042134
0.889321 0.380489 0.253647
0.874082 0.189560 -0.447267
0.918831 0.392069 0.045081
0.871730 0.375881 0.314325
0.997088 0.058333 -0.049120
0.855076 -0.018365 -0.518178
0.958031 0.276101 -0.077106
0.923231 0.232856 -0.305650
0.906797 0.047249 0.418910
0.895053 0.430404 -0.116753
0.860521 -0.252365 0.442511
0.976753 0.206828 0.056346
0.965044 -0.226734 -0.131457
0.929848 -0.188519 0.315980
0.854465 0.159561 -0.494398
0.876180 0.061669 0.478023
0.864086 -0.494793 0.092389
0.933354 0.252062 -0.255569
0.889501 0.301119 0.343678
0.852082 -0.507885 -0.126525
0.930322 0.066670 0.360633
0.905643 -0.392267 -0.161050
0.850172 0.371465 -0.373123
0.977336 0.208598 -0.036059
0.865235 0.301495 0.400587
0.914179 0.269326 -0.302886
0.959835 -0.031084 0.278836
0.917600 -0.073417 -0.390667
0.918810 -0.354417 0.173716
0.972799 -0.231636 0.002721
0.867557 0.248916 0.430564
0.921738 -0.230913 -0.311575
0.851888 0.462037 0.246595
0.881798 0.388867 0.266861
0.986737 0.080727 -0.140830
0.960011 0.254607 0.116418
0.869009 -0.297828 -0.395122
0.895544 -0.032948 0.443752
0.879436 -0.475747 0.016044
0.924594 0.047543 -0.377976
0.961992 0.128435 0.240989
-0.986483 -0.126491 -0.104170
-0.984896 -0.172729 -0.012047
-0.944441 0.284655 0.164324
-0.918607 0.225186 0.324735
-0.927177 0.112200 -0.357426
-0.907186 -0.354174 0.227100
-0.962901 -0.251727 0.097234
-0.934279 -0.088847 -0.345295
-0.945673 0.318612 0.064725
-0.963188 -0.230299 0.138677
-0.918974 -0.215245 0.330388
-0.925603 0.201543 -0.320373
-0.864958 0.256964 -0.431065
-0.949530 0.139734 -0.280835
-0.869122 0.466524 -0.164265
-0.975935 -0.217181 -0.019556
-0.851274 -0.422113 -0.311694
-0.878538 -0.068584 0.472723
-0.869984 -0.319027 -0.375966
-0.897011 -0.342159 -0.279820
-0.918217 -0.255101 -0.302986
-0.990151 -0.137276 0.027507
-0.981566 -0.092058 -0.167490
-0.862988 -0.374312 0.339327
-0.959127 0.216700 -0.181979
-0.872727 0.318838 0.369716
-0.945351 -0.265579 -0.189154
-0.880097 0.110397 -0.461781
-0.873541 -0.021734 -0.486264
-0.967031 0.254613 0.004883
-0.936771 0.138061 0.321558
-0.924096 -0.381897 0.014201
-0.868074 -0.419703 0.265136
-0.994617 0.084059 -0.060585
-0.983820 0.118978 0.133951
-0.962843 0.252126 -0.096778
-0.900103 -0.155135 -0.407121
-0.970842 0.026693 0.238231
-0.966900 -0.172334 -0.188162
-0.880603 -0.469629 0.063148
-0.887324 0.400853 0.227974
-0.934457 -0.307928 -0.178805
-0.898381 -0.322249 0.298441
-0.856754 0.515634 -0.009724
-0.891055 -0.449355 -0.064041
-0.956417 0.277952 -0.089490
-0.964503 0.235327 0.119809
-0.944044 -0.329623 0.011406
-0.911850 0.144557 -0.384230
-0.906001 -0.232071 -0.353984
-0.999574 -0.013891 -0.025653
-0.854932 -0.394905 -0.336365
-0.931823 0.356512 0.067861
-0.967233 0.223257 -0.120902
-0.849326 -0.493191 0.188170
-0.982540 -0.181192 0.042242
-0.941815 0.306198 0.138665
-0.973274 -0.055281 0.222894
-0.861000 -0.124135 -0.493223
-0.958018 -0.034526 -0.284622
-0.905981 -0.327846 0.267796
-0.912634 0.227493 -0.339626
-0.995386 -0.093506 0.021520
-0.993394 0.113062 0.019603
-0.866333 0.378798 -0.325544
-0.887910 0.377140 -0.263403
-0.986960 0.021730 -0.159493
-0.969627 -0.137986 0.201951
-0.905805 -0.002938 -0.423684
-0.981531 0.174996 0.077290
-0.942958 -0.232106 -0.238656
-0.927659 0.287484 0.238330
-0.848961 -0.252900 -0.464012
-0.854146 -0.340946 -0.392671
-0.853610 0.374378 -0.362203
-0.935441 -0.138855 0.325067
-0.965712 0.011775 -0.259349
-0.983823 -0.010630 -0.178826
-0.918999 -0.391994 -0.042212
-0.872704 0.462632 0.156073
-0.915036 -0.185010 0.358442
-0.939811 -0.114405 0.321973
-0.928510 -0.247484 -0.276805
-0.871831 -0.201709 0.446344
-0.874260 -0.334922 -0.351421
-0.926475 -0.254979 0.276821
-0.899992 -0.198001 0.388343
-0.967869 0.063559 -0.243289
-0.931918 -0.358596 -0.054192
-0.934589 0.211505 -0.286024
-0.871637 -0.470288 0.138123
-0.997336 0.010916 0.072129
-0.878174 0.412386 0.242379
-0.977338 0.206495 -0.046595
-0.920879 -0.349983 -0.171737
-0.911190 -0.348189 -0.220221
-0.978889 0.204087 -0.011186
-0.934968 0.247547 0.254077
-0.986557 -0.151420 0.061453
-0.893108 -0.448031 -0.040332
-0.964524 0.042663 0.260526
-0.955584 -0.273218 0.110501
-0.937435 -0.324855 -0.125237
-0.951471 0.281729 -0.123825
-0.852064 -0.515739 -0.089442
-0.968738 -0.227233 -0.099562
-0.906225 -0.211012 0.366373
-0.877002 -0.095635 0.470872
-0.947418 -0.314988 0.056405
-0.897570 -0.116133 0.425302
-0.888244 -0.267319 0.373582
-0.857391 -0.499158 -0.125383
-0.967492 0.070763 0.242799
-0.909445 -0.363560 -0.201828
-0.938751 0.338959 0.062071
-0.975120 -0.005426 -0.221610
-0.929614 -0.256576 0.264550
-0.927682 -0.100820 -0.359503
-0.972803 -0.163025 0.164550
-0.863930 -0.173203 -0.472892
-0.982635 -0.106151 -0.152188
-0.946831 -0.305450 -0.101053
-0.978948 0.129261 0.157965
-0.877204 -0.457939 0.144236
-0.965834 -0.233181 -0.113101
-0.984835 -0.170632 -0.031378
-0.985634 -0.126783 -0.111591
-0.873175 0.476074 0.104493
-0.873169 0.138837 0.467226
-0.866775 -0.015352 -0.498463
-0.866092 -0.364474 0.342116
-0.901431 -0.407781 0.145387
-0.908947 0.256418 0.328731
-0.989998 -0.128914 -0.057312
-0.873109 -0.395961 -0.284422
-0.997557 -0.069454 -0.007538
-0.926107 0.136848 0.351565
-0.966690 0.248741 -0.060314
-0.860445 0.141932 0.489377
-0.926925 0.374511 0.023469
-0.937462 0.337290 -0.086026
-0.868574 -0.155399 0.470564
-0.848614 0.528669 0.019067
-0.971988 -0.207281 0.110792
-0.977835 -0.042568 0.205004
-0.854778 0.409534 -0.318804
-0.880036 -0.327714 0.343715
-0.858747 0.339624 0.383678
-0.978047 0.182679 -0.100259
-0.952041 -0.301707 0.050907
-0.923826 -0.237878 0.299933
-0.909142 0.406192 0.092030
-0.848318 0.225415 -0.479108
-0.953086 -0.289201 0.089388
-0.975409 0.209500 0.068466
-0.959212 -0.277288 0.054992
-0.905481 0.419174 0.066310
-0.973711 -0.204676 0.099977
-0.863439 -0.270437 -0.425837
-0.860042 0.240059 0.450222
-0.941472 0.287092 0.176662
-0.980930 -0.114708 0.156902
-0.881932 0.380697 -0.277966
-0.952704 0.244892 0.179954
-0.860296 0.484910 0.157333
-0.974247 0.140952 -0.176000
-0.994664 0.018287 0.101534
-0.871452 -0.431863 -0.232522
-0.888151 -0.228439 -0.398753
-0.998157 0.060251 -0.007258
-0.915554 -0.319765 0.243950
-0.889803 -0.456041 -0.016681
-0.944359 -0.241138 0.223695
-0.934161 0.133237 0.331046
-0.989095 -0.124246 -0.079088
-0.928733 0.306120 -0.209153
-0.936658 0.312012 -0.159122
-0.948278 -0.200064 -0.246460
-0.957589 -0.202471 -0.205009
-0.971140 0.238006 0.015490
-0.879156 0.184038 -0.439562
-0.917345 0.122516 -0.378772
-0.873198 -0.443805 0.201400
-0.900190 0.399423 0.173548
-0.990438 -0.122869 -0.062737
-0.970356 -0.232026 -0.067633
-0.909462 0.354630 -0.217064
-0.892364 -0.194353 0.407325
-0.915393 0.099374 0.390103
-0.901260 0.293878 0.318382
-0.924455 -0.274967 -0.264151
-0.887599 -0.410001 0.209923
-0.927887 -0.012101 0.372666
-0.864116 0.497927 0.073292
-0.866006 -0.387446 0.316101
-0.949586 0.043326 -0.310498
-0.890719 -0.219141 0.398243
-0.884576 -0.352036 0.305934
-0.916070 -0.275707 0.291206
-0.944432 -0.290856 0.153140
-0.959329 -0.280765 -0.029304
-0.972108 -0.205288 0.113417
-0.876624 0.446199 -0.180101
-0.878769 0.382049 -0.286011
-0.954362 0.298481 0.010128
-0.955519 -0.092240 -0.280136
-0.944231 0.258425 -0.204068
-0.887423 -0.256070 0.383287
-0.855681 -0.514576 -0.054978
-0.981446 0.188510 -0.035033
-0.969025 -0.149823 -0.196325
-0.849546 0.439419 0.291861
-0.934370 0.356298 0.002369
-0.867152 -0.047497 -0.495773
-0.870249 0.065818 -0.488195
-0.890494 0.438700 -0.120678
-0.865539 0.486445 -0.119218
-0.959255 0.266930 -0.092616
-0.893378 -0.426427 0.141548
-0.890345 0.419259 -0.177505
-0.984696 0.152276 0.084764
-0.948897 0.214952 0.231064
-0.877019 -0.245265 -0.413139
-0.987160 -0.156583 0.031580
-0.923611 -0.112203 0.366543
-0.916896 0.055495 0.395250
-0.884139 -0.221412 -0.411431
-0.871147 0.082669 -0.484014
-0.958405 0.233230 -0.164508
-0.945183 -0.285146 -0.159128
-0.981411 0.083320 -0.172886
-0.900707 -0.431787 0.047830
-0.962547 0.251725 0.100689
-0.889389 -0.406490 0.209173
-0.848716 -0.206570 0.486838
-0.956036 0.284109 -0.072650
-0.981005 0.152314 -0.120124
-0.955356 0.227740 -0.188227
-0.933937 0.093918 0.344879
-0.878738 0.473519 -0.059992
-0.868965 0.389291 0.305535
-0.875639 0.454986 -0.161997
-0.878287 0.131399 -0.459723
-0.995485 0.094662 -0.006996
-0.858152 -0.240187 -0.453746
-0.944911 -0.214173 0.247536
-0.979306 0.186095 0.079549
-0.962071 -0.260769 -0.080115
-0.980241 0.151850 0.126764
-0.912781 0.406530 0.039548
-0.982936 0.158263 0.093749
-0.879415 0.214630 0.424927
-0.959380 -0.278069 -0.047624
-0.954849 0.143770 0.259988
-0.952687 0.295700 0.070352
-0.874212 -0.485528 0.003965
-0.995456 0.090964 -0.028156
-0.957092 0.224445 0.183302
-0.997262 -0.068880 -0.026892
-0.907662 0.034987 -0.418241
-0.970014 -0.243034 -0.002732
-0.941323 -0.336246 0.029161
-0.880272 0.461750 0.109125
-0.958823 0.283237 0.020875
-0.849940 -0.392589 0.351391
-0.962437 0.170900 0.210972
-0.880337 0.157607 0.447399
-0.989393 -0.055458 0.134259
-0.991800 0.030182 0.124181
-0.921116 -0.109711 0.373508
-0.960110 -0.251975 0.121237
-0.959623 -0.275643 0.056084
-0.953692 0.106969 0.281122
-0.856727 0.028296 -0.514993
-0.938711 -0.266172 0.219029
-0.999726 0.022918 0.004829
-0.902270 -0.102379 0.418842
-0.922919 -0.131470 -0.361852
-0.870291 -0.454909 0.188816
-0.850608 -0.181164 0.493605
-0.895256 0.343585 0.283666
-0.852380 -0.406154 0.329374
-0.908425 -0.344056 0.237464
-0.906534 -0.275133 -0.320153
-0.854563 -0.173780 -0.489410
-0.935037 0.178955 0.306074
-0.880554 0.061308 0.469964
-0.949094 0.092334 -0.301158
-0.917697 0.179840 0.354246
-0.930422 0.039440 -0.364363
-0.867465 0.061911 -0.493631
-0.954314 -0.142575 0.262596
-0.897937 0.075246 -0.433644
-0.968928 0.207076 -0.135269
-0.879179 0.422864 -0.219613
-0.875723 0.476329 0.078866
-0.901038 -0.279400 -0.331761
-0.877124 -0.403518 -0.260434
-0.947414 -0.088675 0.307478
-0.977266 -0.089185 0.192347
-0.877012 0.025154 0.479810
-0.956579 -0.283082 -0.069436
-0.978822 -0.123595 0.163192
-0.890743 -0.294796 0.345936
-0.909563 0.125724 -0.396091
-0.995926 -0.075838 0.048786
-0.943146 0.243821 -0.225890
-0.909705 0.101098 0.402760
-0.888377 0.272975 -0.369149
-0.979201 0.047121 -0.197344
-0.880469 -0.278423 -0.383738
-0.985059 0.100893 -0.139571
-0.875036 0.253613 0.412301
-0.912775 0.290544 -0.287100
-0.965913 -0.256862 0.032140
-0.894377 -0.235492 0.380306
-0.893156 -0.167775 -0.417281
-0.939852 0.124859 -0.317944
-0.864978 -0.494741 -0.083925
-0.968949 -0.230957 -0.088296
-0.939719 -0.282552 0.192593
-0.855562 0.355169 -0.376654
-0.899471 0.419675 0.121756
-0.890411 -0.053093 -0.452049
-0.895137 -0.428124 0.124252
-0.996286 0.017058 -0.084396
-0.913811 0.084335 -0.397288
-0.954641 -0.110711 -0.276411
-0.867748 0.368870 -0.333090
-0.861756 -0.235735 0.449228
-0.930352 0.161625 -0.329124
-0.865272 0.311751 -0.392576
-0.945818 0.295048 -0.135553
-0.862883 -0.504801 -0.024661
-0.893772 -0.142944 0.425133
-0.933220 0.346481 0.095136
-0.910768 0.181178 0.371047
-0.944095 -0.223934 -0.241947
-0.893706 -0.425519 0.142206
-0.944560 -0.305792 0.119569
-0.905287 -0.374112 0.201236
-0.859435 -0.415400 -0.298016
-0.963489 0.127087 -0.235663
-0.930967 -0.098850 -0.351466
-0.985794 0.120316 0.117192
-0.943542 -0.323962 -0.069114
-0.936008 0.061461 0.346571
-0.981584 -0.030047 0.188652
-0.902219 -0.363796 -0.231633
-0.882305 -0.112694 0.456988
-0.900982 0.424942 -0.087495
-0.978485 0.054940 -0.198869
-0.929539 0.341190 -0.139811
-0.937615 0.320944 0.133691
-0.898088 0.414544 -0.146941
-0.941659 0.136066 -0.307837
-0.976070 0.183205 -0.117149
-0.895270 -0.279667 0.346810
-0.883231 0.228159 -0.409690
-0.992568 -0.022423 -0.119604
-0.875026 0.398156 -0.275319
-0.876679 0.473861 -0.082998
-0.857169 -0.514336 -0.026825
-0.889941 -0.308572 0.335839
-0.980365 0.151925 0.125713
-0.949169 -0.276682 -0.150086
-0.984935 0.172723 -0.008316
-0.952820 0.202489 0.226126
-0.945484 -0.268854 -0.183785
-0.855936 -0.135406 0.499038
-0.879748 0.149113 -0.451451
-0.909472 0.371373 0.186928
-0.918676 0.143115 0.368175
-0.886229 -0.170189 -0.430853
-0.948548 0.312082 -0.053490
-0.990604 0.052966 0.126085
-0.920073 -0.340753 0.193271
-0.851968 0.323666 0.411571
-0.983062 0.004242 0.183223
-0.913328 -0.157407 0.375572
-0.861803 0.494916 -0.111151
-0.937303 0.344653 0.051745
-0.971120 -0.206820 -0.118963
-0.921334 0.388142 -0.022135
-0.861838 0.372103 0.344637
-0.943190 0.272864 -0.189575
-0.903956 -0.141009 -0.403709
-0.864047 -0.465207 0.192366
-0.938030 -0.243170 0.246916
-0.962435 -0.078723 -0.259849
-0.876978 0.382544 0.290809
-0.868471 0.162935 0.468198
-0.898657 0.151927 0.411502
-0.987572 -0.036130 -0.152960
-0.912052 -0.009182 -0.409971
-0.942307 0.327077 0.071263
-0.974711 0.017230 -0.222804
-0.968199 -0.217041 0.124433
-0.912165 -0.082219 -0.401492
-0.986855 -0.119281 0.109037
-0.862129 -0.433773 0.261867
-0.971380 0.236673 -0.020160
-0.859473 0.140661 -0.491448
-0.880612 0.472569 -0.034660
-0.980576 -0.168391 -0.100577
-0.872935 0.213950 -0.438418
-0.943012 -0.329370 -0.047368
-0.861776 0.018586 -0.506949
-0.903035 -0.190533 0.385000
-0.852054 -0.155082 -0.499953
-0.856502 0.513153 0.055483
-0.848465 -0.031801 0.528296
-0.979465 -0.112402 0.167372
-0.984200 0.000533 0.177057
-0.971586 -0.015726 -0.236164
-0.940852 -0.166884 -0.294868
-0.975993 0.156207 -0.151781
-0.873517 0.069580 0.481794
-0.986238 -0.044096 0.159342
-0.978921 0.185824 0.084747
-0.901743 0.381692 -0.202908
-0.965333 0.145218 -0.216896
-0.880695 -0.456433 0.126670
-0.859196 -0.501314 0.102303
-0.938230 0.146260 -0.313580
-0.975130 -0.175672 -0.135130
-0.908520 -0.402482 0.112244
-0.875454 0.319331 -0.362778
-0.954917 0.272252 -0.118374
-0.989489 -0.103779 0.100703
-0.952019 -0.258192 -0.164307
-0.883584 -0.114511 0.454056
-0.869712 -0.001359 -0.493558
-0.916321 0.360885 0.173542
-0.946555 0.067752 -0.315345
-0.963422 -0.008340 -0.267861
-0.878751 -0.372843 -0.297967
-0.972448 0.138123 -0.187798
-0.991632 0.048837 -0.119503
-0.921533 0.168726 0.349727
-0.960949 -0.104784 -0.256121
-0.923627 -0.026111 -0.382403
-0.890453 0.454832 0.014867
-0.952651 0.164884 -0.255478
-0.905267 0.198442 0.375650
-0.856142 0.089878 0.508864
-0.853045 -0.511249 0.104584
-0.985333 -0.137479 -0.101086
-0.974172 -0.225743 -0.005440
-0.906115 0.423024 -0.002486
-0.926651 0.369748 0.067857
-0.879349 0.058687 0.472547
-0.926896 -0.113456 -0.357759
-0.932358 0.361434 0.008595
-0.983695 -0.077794 0.162149
-0.880223 -0.464615 0.096645
-0.960686 0.132249 -0.244114
-0.923723 -0.354033 -0.146276
-0.906644 -0.088441 -0.412523
-0.872197 0.479676 0.095826
-0.962556 -0.019914 0.270351
-0.918810 -0.020284 -0.394177
-0.848297 0.041620 -0.527882
-0.883649 0.012828 0.467974
-0.902122 0.374662 -0.214018
-0.902656 -0.102234 -0.418043
-0.868370 -0.398260 -0.295503
-0.883382 0.292883 0.365864
-0.850754 0.369000 0.374242
-0.869982 0.183844 0.457529
-0.864213 -0.467699 -0.185455
-0.922312 -0.036101 -0.384755
-0.966508 0.245091 -0.076105
-0.857551 -0.446415 0.255577
-0.865503 0.353198 0.355185
-0.943399 0.148721 0.296446
-0.987586 -0.118742 0.102830
-0.992978 0.095942 0.069213
-0.867021 -0.082662 0.491368
-0.937098 -0.336872 -0.091460
-0.900038 0.109425 0.421850
-0.891016 -0.154567 0.426849
-0.865388 -0.500758 0.018572
-0.919192 0.391746 -0.040255
-0.953026 0.001841 0.302884
-0.858281 0.331058 -0.392114
-0.868699 -0.491416 0.062231
-0.850119 -0.494788 0.180228
-0.966797 0.006578 0.255460
-0.869934 -0.024471 -0.492561
-0.985149 0.156102 0.071506
-0.954808 -0.290454 -0.063081
-0.918894 -0.050024 -0.391319
-0.992679 0.114480 0.038495
-0.929111 -0.335270 0.156037
-0.857049 -0.329788 -0.395863
-0.913966 -0.177759 0.364784
-0.913874 0.041844 0.403837
-0.960989 0.230156 -0.153388
-0.880183 0.379637 -0.284874
-0.881546 -0.259323 -0.394497
-0.951047 0.175188 0.254596
-0.986504 -0.116599 0.114952
-0.901577 -0.432617 -0.000665
-0.880317 -0.450912 0.147378
-0.921075 0.377253 -0.096443
-0.962734 0.169587 0.210673
-0.929441 0.017520 0.368554
-0.945013 0.255440 -0.204207
-0.892826 -0.394119 0.218017
-0.983907 -0.041315 -0.173839
-0.957555 -0.083191 -0.275983
-0.885678 0.278781 0.371288
-0.962880 0.091635 0.253901
-0.966913 0.255051 0.005286
-0.968722 -0.211512 -0.129770
-0.961508 0.213358 0.173149
-0.913764 0.217476 0.343132
-0.929555 -0.364119 0.057842
-0.879468 0.053576 -0.472933
-0.959841 0.205537 0.190946
-0.970578 -0.087987 0.224137
-0.957438 0.052382 -0.283846
-0.935087 0.223340 -0.275195
-0.977243 -0.202202 0.064112
-0.966669 0.050626 0.250973
-0.917752 -0.390395 -0.072957
-0.953219 0.109739 -0.281656
-0.901401 -0.177639 0.394867
-0.909767 0.128467 -0.394740
-0.854952 -0.517126 -0.040469
-0.912996 -0.353038 -0.204455
-0.949460 -0.012203 0.313651
-0.999810 -0.017236 0.009133
-0.883823 0.183146 -0.430482
-0.917135 -0.388611 -0.088570
-0.903148 0.113536 -0.414045
-0.973128 -0.222124 0.060682
-0.932866 -0.275770 0.231759
-0.949495 0.082429 0.302762
-0.899133 0.116595 -0.421860
-0.885522 0.156865 0.437314
-0.998254 0.027104 0.052477
-0.978040 0.179060 -0.106653
-0.870248 0.018160 -0.492278
-0.941647 -0.321858 0.098536
-0.990912 -0.112906 0.073112
-0.914037 0.074656 0.398701
-0.967254 -0.248513 -0.051577
-0.993026 -0.078342 0.088106
-0.900282 0.357753 -0.248001
-0.861851 -0.295540 0.412152
-0.861673 -0.289033 0.417108
-0.862183 0.018359 0.506265
-0.849253 -0.439836 -0.292085
-0.894961 0.024003 -0.445497
-0.970236 0.127136 0.206104
-0.937012 0.309043 -0.162794
-0.857767 -0.217379 0.465814
-0.937539 0.145093 0.316178
-0.855365 -0.301107 -0.421527
-0.925230 0.366939 0.096467
-0.968708 0.123271 -0.215426
-0.989350 0.109397 -0.096016
-0.988443 0.087527 -0.123770
-0.867217 0.136210 -0.478938
-0.950699 0.273348 -0.146466
-0.933524 0.125269 0.335916
-0.947378 0.317149 -0.043499
-0.861693 -0.011447 0.507300
-0.950099 -0.283972 -0.129119
-0.941870 0.231800 0.243207
-0.909033 -0.345224 -0.233406
-0.987729 0.006668 0.156035
-0.985643 -0.134372 -0.102232
-0.881555 -0.199572 0.427823
-0.995434 -0.079306 -0.053120
-0.994551 -0.083139 -0.062892
-0.849404 -0.438441 0.293737
-0.861289 -0.055312 0.505097
-0.902292 0.303709 -0.305990
-0.903645 -0.310252 0.295245
-0.993645 0.007069 -0.112340
-0.970441 0.108599 -0.215526
-0.938651 -0.237299 -0.250248
-0.907968 -0.380715 -0.175073
-0.985961 0.092796 -0.138815
-0.985743 -0.043416 -0.162561
-0.859260 0.075523 0.505933
-0.985329 -0.028556 -0.168262
-0.943252 -0.239462 0.230071
-0.877663 -0.342798 0.334960
-0.964395 0.172332 0.200607
-0.995549 0.090693 -0.025639
-0.890666 0.312512 -0.330228
-0.916788 0.325854 -0.230909
-0.990070 0.024805 -0.138369
-0.903211 -0.076014 -0.422411
-0.979150 0.163544 0.120496
-0.977085 0.190863 -0.094209
-0.919140 0.197026 0.341119
-0.883720 -0.154814 -0.441670
-0.975131 0.077234 -0.207738
-0.848508 0.217669 0.482343
-0.994050 -0.037602 -0.102224
-0.984599 0.104015 -0.140522
-0.915837 0.390161 -0.094954
-0.994465 0.089013 -0.055820
-0.885912 0.457493 0.076557
-0.875816 0.450272 -0.173788
-0.913939 -0.214994 -0.344228
-0.921180 0.283896 -0.266141
-0.897312 0.308273 -0.315911
-0.968026 0.249283 -0.028010
-0.974360 -0.210928 0.078307
-0.907005 -0.379460 -0.182624
-0.916818 -0.329487 -0.225573
-0.987551 -0.031516 0.154110
-0.957887 -0.194864 -0.210903
-0.870684 0.350443 -0.345107
-0.863077 0.070745 0.500093
-0.910785 0.401173 -0.097630
-0.983172 -0.153719 -0.098708
-0.982665 -0.183151 -0.028710
-0.961650 -0.250253 -0.112266
-0.896317 -0.363070 0.254549
-0.920879 0.343880 0.183653
-0.976844 0.108667 0.184303
-0.908487 0.400998 -0.117698
-0.868233 0.341992 0.359462
-0.929869 0.155079 -0.333608
-0.958175 0.283851 -0.036463
-0.997738 0.066586 -0.009239
-0.907182 0.346944 0.238014
-0.972668 -0.152123 0.175427
-0.933823 -0.314800 -0.169930
-0.932804 -0.188581 0.307107
-0.890298 -0.397568 -0.222059
-0.874520 0.059468 -0.481330
-0.935539 -0.342026 0.088228
-0.930453 -0.130562 0.342360
-0.997005 -0.075391 -0.017214
-0.921812 0.270633 0.277526
-0.879371 -0.433542 0.196844
-0.864669 -0.396786 0.308072
-0.955132 -0.068169 -0.288229
-0.933094 -0.278768 -0.227209
-0.918630 -0.175981 0.353764
-0.926669 -0.315143 0.204863
-0.943419 0.160921 -0.289939
-0.939203 -0.071420 -0.335852
-0.933904 0.269367 -0.235086
-0.931116 -0.219227 0.291483
-0.901346 -0.330747 0.279612
-0.942047 0.279761 0.185150
-0.909918 -0.343113 0.233074
-0.871492 0.176579 -0.457517
-0.866911 -0.215311 0.449562
-0.887952 -0.169173 0.427692
-0.959696 -0.170190 0.223651
-0.960021 0.113711 -0.255793
-0.943027 0.235367 -0.235164
-0.895754 -0.279773 -0.345473
-0.955876 0.091592 0.279129
-0.848742 0.364674 -0.382948
-0.893562 0.186715 0.408270
-0.868379 -0.483176 0.111620
-0.917691 -0.255062 0.304610
-0.928286 0.365988 0.065856
-0.870857 0.030668 0.490579
-0.895677 -0.439728 -0.066344
-0.925244 -0.254068 -0.281730
-0.916719 0.362294 -0.168432
-0.872562 -0.463470 -0.154374
-0.878066 0.080255 0.471761
-0.957127 -0.145108 -0.250703
-0.988245 -0.044833 0.146157
-0.924219 -0.252604 -0.286375
-0.863878 0.448219 0.229814
-0.950632 0.061146 0.304238
-0.918989 -0.036595 -0.392582
-0.963560 0.167285 -0.208727
-0.924395 0.239244 -0.297081
-0.971318 0.086965 0.221310
-0.903161 -0.426125 0.052133
-0.898411 0.104945 0.426433
-0.942063 -0.155848 -0.297032
-0.992503 -0.121904 -0.008828
-0.907510 -0.316832 -0.275758
-0.902702 0.416456 -0.108132
-0.873055 -0.363800 -0.324691
-0.960147 0.071157 0.270287
-0.919903 -0.140008 0.366300
-0.998137 0.042926 0.043363
-0.930824 -0.213129 0.296889
-0.908719 -0.410075 0.077892
-0.934871 -0.041713 -0.352527
-0.961377 -0.214874 -0.171997
-0.884123 -0.344256 0.315935
-0.885036 0.101909 0.454231
-0.851103 -0.321531 -0.415020
-0.892667 -0.436003 -0.114220
-0.900072 -0.368517 -0.232522
-0.939361 -0.032413 -0.341394
-0.871626 0.356870 0.336023
-0.914953 0.161533 -0.369821
-0.889693 0.198112 0.411336
-0.953236 -0.301976 -0.012339
-0.934271 0.341645 0.102064
-0.941042 -0.203251 0.270425
-0.968741 -0.162130 -0.187761
-0.972784 -0.212890 0.091487
-0.923478 0.318772 -0.213478
-0.914860 -0.253032 -0.314652
-0.878441 0.379812 0.289974
-0.872931 0.487115 -0.026666
-0.959547 0.054423 -0.276239
-0.971556 -0.014235 0.236382
-0.959351 0.072828 -0.272657
-0.898226 -0.380792 0.219515
-0.921222 -0.202414 -0.332233
-0.902625 -0.052396 0.427228
-0.850204 -0.488842 -0.195411
-0.974357 0.194107 -0.113806
-0.982854 0.120640 -0.139445
-0.982880 -0.045742 -0.178477
-0.956540 -0.085148 -0.278894
-0.948405 -0.308521 -0.073089
-0.905872 0.047993 0.420824
-0.880657 0.080816 0.466810
-0.875896 -0.479664 0.052235
-0.961303 0.222281 0.162748
-0.993639 -0.050234 -0.100791
-0.960358 0.265683 0.084410
-0.979068 0.165518 -0.118445
-0.893211 -0.314910 0.320944
-0.916098 -0.114812 0.384164
-0.852621 0.077198 -0.516796
-0.958692 0.259420 0.116663
-0.933132 -0.356596 -0.045864
-0.888051 -0.042922 -0.457736
-0.851986 -0.459165 -0.251570
-0.964932 -0.240537 0.105115
-0.890458 0.080099 0.447961
-0.983858 -0.070907 0.164303
-0.942530 0.240888 0.231539
-0.991202 -0.036908 -0.127111
-0.927179 -0.252014 -0.277177
-0.904020 0.271375 0.330308
-0.983594 -0.078029 -0.162650
-0.939880 -0.335905 0.061591
-0.963790 -0.238981 -0.118306
-0.881339 0.256455 -0.396828
-0.983430 -0.181286 0.000031
-0.972739 0.188155 0.135559
-0.902520 0.076950 0.423717
-0.918957 -0.250304 0.304739
-0.857413 0.507068 -0.087895
-0.853646 -0.093678 0.512360
-0.924952 -0.378411 0.035608
-0.966021 -0.247269 0.075239
-0.959237 -0.254966 0.121889
-0.954115 0.115808 -0.276139
-0.941570 -0.246608 0.229414
-0.858177 0.461621 0.224582
-0.961552 -0.208424 0.178822
-0.867747 0.197754 -0.455970
-0.996784 0.040563 0.069115
-0.915454 -0.323637 0.239170
-0.949581 -0.307735 -0.059956
-0.918696 0.302528 -0.253917
-0.939832 -0.112642 -0.322532
-0.896355 -0.159194 -0.413768
-0.943529 0.040128 -0.328850
-0.986801 0.012253 0.161472
-0.903285 -0.366120 0.223678
-0.890102 0.274433 -0.363874
-0.871358 -0.489838 0.028189
-0.880134 0.047141 -0.472379
-0.941924 -0.015128 -0.335484
-0.943835 0.276116 0.181481
-0.934467 -0.241294 0.261819
-0.975687 0.201820 -0.085457
-0.856598 0.400774 -0.324993
-0.849810 0.510084 -0.132806
-0.849580 -0.526966 -0.022797
-0.983189 0.174348 0.054247
-0.973414 0.227047 -0.030259
-0.961815 -0.265476 -0.066591
-0.973354 0.220447 -0.063136
-0.930555 0.352131 -0.100351
-0.941150 0.272913 0.199388
-0.906901 0.419902 0.034833
-0.969277 0.245894 0.006103
-0.911290 0.146847 0.384691
-0.959342 -0.091489 -0.267006
-0.898887 -0.352901 -0.259735
-0.926812 -0.210931 -0.310689
-0.913221 -0.366936 0.177157
-0.862807 -0.288284 -0.415278
-0.859121 0.284838 -0.425180
-0.854310 -0.509214 -0.104186
-0.893561 0.448207 -0.025685
-0.926451 0.345902 -0.148462
-0.922720 -0.349430 -0.162747
-0.989143 -0.144430 -0.027134
-0.944928 -0.051375 0.323220
-0.868718 0.481131 0.117654
-0.993650 0.026811 0.109275
-0.980160 0.178011 -0.087172
-0.867843 -0.033334 -0.495720
-0.979005 -0.163252 0.122061
-0.930771 -0.342728 0.127288
-0.929386 -0.352229 0.110347
-0.964475 -0.249253 -0.087529
-0.900196 0.433533 -0.041183
-0.935523 -0.349407 0.052080
-0.956737 0.011314 0.290733
-0.854117 -0.273507 0.442355
-0.879353 -0.330406 -0.342886
-0.913875 0.099706 0.393563
-0.961937 -0.084855 0.259764
-0.960791 -0.251270 -0.117238
-0.963642 0.064893 0.259198
-0.978385 0.063576 0.196775
-0.989365 0.004655 0.145383
-0.957093 -0.270496 -0.103950
-0.995882 0.036543 -0.082964
-0.960357 0.261103 -0.097673
-0.933303 0.219576 0.284133
-0.914483 -0.404611 -0.003375
-0.859877 -0.326846 0.392151
-0.936215 -0.149634 -0.317981
-0.915945 0.124262 -0.381579
-0.991607 -0.044601 0.121352
-0.942040 -0.334081 0.030829
-0.917830 0.263920 0.296539
-0.956066 0.283053 -0.076286
-0.919522 0.319017 0.229581
-0.978549 0.195935 -0.063643
-0.965773 -0.017745 0.258782
-0.942212 0.168030 0.289832
-0.980749 -0.176262 -0.084040
-0.972913 -0.229863 -0.024575
-0.925633 0.170589 0.337790
-0.974980 -0.102901 0.197042
-0.943117 -0.312284 0.114056
-0.887109 0.461468 -0.009202
-0.851028 -0.037044 -0.523811
-0.919402 0.392622 0.023407
-0.901164 0.311294 0.301660
-0.982388 -0.180096 -0.049792
-0.891321 0.448616 0.065499
-0.940835 0.029520 0.337577
-0.993368 0.004782 -0.114883
-0.982944 -0.153067 0.101936
-0.904234 0.339173 0.259467
-0.900897 -0.189206 0.390621
-0.947864 -0.297859 0.113282
-0.977479 0.154879 -0.143346
-0.990531 -0.129433 0.045766
-0.955197 -0.292992 0.041886
-0.967055 -0.253963 -0.017518
-0.912471 -0.400970 0.081359
-0.933771 0.156316 -0.321926
-0.921549 0.151531 -0.357472
-0.919850 -0.352106 0.172911
-0.893160 -0.144532 0.425881
-0.945253 -0.324758 0.032089
-0.882900 0.308300 0.354174
-0.928608 -0.358259 -0.096633
-0.899922 0.423723 0.102957
-0.859065 -0.328684 -0.392396
-0.987182 0.066800 0.144944
-0.891419 -0.224603 -0.393606
-0.960854 0.206625 -0.184569
-0.913250 -0.289220 -0.286925
-0.945652 -0.206111 0.251517
-0.982443 0.161679 0.093090
-0.880061 -0.395973 0.262103
-0.868495 0.460084 0.184497
-0.955559 -0.236965 0.175368
-0.878112 -0.445429 -0.174679
-0.915004 -0.357869 -0.186273
-0.994524 0.091773 -0.049991
-0.924519 -0.057678 -0.376746
-0.864408 -0.321167 0.386846
-0.960132 -0.231703 -0.156397
-0.915616 0.353310 0.191886
-0.987116 0.033074 0.156549
-0.906677 -0.381322 0.180360
-0.925240 0.064688 -0.373827
-0.885149 0.288196 -0.365315
-0.892334 -0.179821 -0.414011
-0.894822 0.413768 0.167598
-0.991102 -0.085994 -0.101602
-0.937671 -0.080400 0.338096
-0.986090 -0.074600 0.148532
-0.992836 0.036288 0.113839
-0.992886 0.060999 0.102257
-0.908367 0.415856 -0.043970
-0.945893 -0.205345 0.251235
-0.881462 -0.082985 -0.464906
-0.853201 -0.183163 -0.488364
-0.852063 -0.353402 0.386128
-0.988671 0.132507 0.070516
-0.976603 0.200282 0.078321
-0.903724 0.188121 -0.384570
-0.965055 -0.239704 0.105879
-0.927351 -0.153749 0.341146
-0.967077 0.233223 0.101827
-0.898577 -0.164752 -0.406714
-0.858015 0.491778 0.148208
-0.917259 -0.014623 -0.398022
-0.868648 -0.317279 0.380505
-0.891234 0.382855 0.243155
-0.941931 -0.181430 0.282576
-0.926151 0.375814 -0.031761
-0.871007 0.450380 -0.196224
-0.857221 -0.386250 0.340562
-0.907141 0.413941 0.075818
-0.960353 0.227710 -0.160842
-0.979859 -0.198813 -0.018705
-0.859139 -0.214972 -0.464401
-0.886823 -0.446585 -0.118769
-0.889013 0.179320 0.421308
-0.925272 -0.121220 -0.359411
-0.951687 0.205118 0.228512
-0.898465 -0.048667 0.436339
-0.855217 0.456240 0.245864
-0.871863 0.428444 -0.237256
-0.965726 0.242783 0.091809
-0.992362 -0.112679 0.050214
-0.931121 0.136236 -0.338310
-0.938269 0.340506 0.060894
-0.867137 -0.419138 0.269067
-0.883762 0.452046 0.120911
-0.876952 0.263215 0.402085
-0.878005 0.439947 0.188560
-0.964457 -0.210703 0.159458
-0.986500 -0.127138 0.103219
-0.892771 0.439543 -0.098800
-0.946602 0.297413 -0.124461
-0.889439 0.333040 0.313023
-0.955345 -0.282850 0.085505
-0.981111 0.009569 0.193211
-0.883746 0.448008 0.135209
-0.927376 0.220091 -0.302547
-0.975026 -0.052418 0.215815
-0.995820 -0.044930 0.079519
-0.936729 0.224806 0.268330
-0.884511 0.361220 -0.295231
-0.862752 0.387484 0.324832
-0.886821 0.386686 0.253027
-0.949952 -0.279120 0.140298
-0.849838 0.523066 0.064633
-0.937632 -0.346813 0.023837
-0.967475 0.197376 -0.158224
-0.936893 -0.274092 -0.217038
-0.965957 -0.239207 -0.098521
-0.957317 -0.195428 -0.212958
-0.944776 -0.005548 -0.327669
-0.940492 -0.210337 -0.266896
-0.936229 -0.172322 0.306237
-0.905036 0.420195 0.065921
-0.861781 -0.039472 -0.505742
-0.989937 -0.109279 0.089905
-0.996569 0.079025 0.024587
-0.923852 -0.326071 -0.200436
-0.968182 -0.101589 -0.228700
-0.980271 -0.082439 -0.179643
-0.873652 0.206682 0.440471
-0.854430 0.099543 0.509941
-0.875829 0.472706 0.097330
-0.869199 0.343366 -0.355799
-0.968763 0.243279 -0.048101
-0.878134 0.386282 0.282253
-0.862620 -0.245393 0.442345
-0.923126 -0.045927 0.381744
-0.884809 -0.300589 -0.356032
-0.996438 -0.045545 -0.070977
-0.849512 -0.466603 0.246190
-0.975870 0.185577 0.115063
-0.956588 0.264619 -0.122129
-0.985149 0.141464 0.097315
-0.938698 -0.133030 0.318039
-0.939972 -0.057562 -0.336363
-0.992544 -0.037051 -0.116123
-0.853676 0.236575 -0.463972
-0.894347 -0.345115 0.284675
-0.960555 0.015789 0.277642
-0.881381 0.086788 -0.464365
-0.944478 -0.216631 0.247045
-0.951610 -0.304788 -0.039277
-0.954242 -0.145226 0.261405
-0.916933 0.140727 -0.373402
-0.994384 0.101157 -0.031116
-0.898586 -0.259981 -0.353488
-0.948540 0.076893 -0.307180
-0.949595 0.281099 0.138750
-0.468173 0.854683 0.224346
0.221303 0.945211 -0.240002
0.400384 0.894544 0.198704
0.350431 0.875041 -0.333917
0.517537 0.848529 0.110245
0.305794 0.948318 -0.084750
0.017230 0.999651 -0.020022
-0.225809 0.958424 -0.174455
-0.132432 0.974734 0.179874
0.245040 0.851231 0.464071
-0.058579 0.968696 -0.241239
-0.400705 0.905047 -0.142569
0.040559 0.970656 0.237028
0.004112 0.985165 -0.171559
-0.191046 0.862855 -0.467956
0.337006 0.862595 0.377302
0.014509 0.951030 -0.308756
0.287590 0.907746 -0.305433
-0.242789 0.948439 -0.203759
-0.244833 0.896519 0.369203
0.006903 0.977779 -0.209525
0.240217 0.891056 0.385117
0.261169 0.867861 -0.422621
-0.187152 0.934736 0.302065
-0.146562 0.987567 -0.056848
0.033590 0.999389 0.009691
0.093685 0.991921 0.085535
-0.049987 0.982820 -0.177669
0.463925 0.882880 0.072773
-0.078152 0.923859 -0.374670
-0.040414 0.994033 0.101319
-0.146325 0.971460 -0.186693
-0.507040 0.860652 0.046786
-0.465886 0.871104 0.155330
0.075816 0.934498 -0.347801
-0.228045 0.865182 0.446605
-0.407509 0.879820 0.244648
0.271645 0.941115 0.201272
0.312699 0.877771 -0.362956
0.167212 0.980780 -0.100553
0.473912 0.870404 0.133437
-0.418127 0.900796 0.117204
-0.350861 0.902175 0.250952
-0.218991 0.884605 -0.411725
-0.330581 0.936641 -0.115842
-0.079037 0.935159 -0.345298
-0.111112 0.907788 0.404443
-0.419985 0.897591 -0.133949
0.116845 0.887366 0.446014
0.465465 0.870381 -0.160560
-0.276742 0.954512 -0.110994
0.404597 0.910577 -0.084567
0.147278 0.894048 0.423070
0.450255 0.888262 -0.090894
-0.343830 0.913497 0.217495
0.160455 0.987013 0.007649
-0.488895 0.851913 -0.187687
-0.147753 0.955440 -0.255547
-0.127629 0.931539 -0.340508
-0.180508 0.879505 0.440326
0.286128 0.946849 0.146998
-0.448457 0.887789 -0.103519
-0.320501 0.946107 -0.046486
-0.109918 0.955166 -0.274912
-0.089090 0.889833 0.447505
0.253808 0.963731 -0.082492
-0.014836 0.954372 0.298252
-0.405331 0.911475 0.070137
-0.168466 0.983614 -0.064212
-0.062502 0.962388 0.264393
0.240966 0.869746 0.430670
0.123179 0.904682 -0.407895
0.292137 0.953767 0.070595
-0.077931 0.960082 0.268642
0.278355 0.955742 -0.095262
0.041630 0.994690 -0.094125
-0.437653 0.899141 -0.002378
-0.154950 0.919725 -0.360690
0.053222 0.876006 -0.479355
0.178735 0.981940 0.062024
-0.288719 0.896557 0.335898
-0.052551 0.981965 -0.181611
-0.154508 0.948688 0.275895
0.222651 0.974297 0.034227
-0.284791 0.907486 -0.308808
0.344777 0.930544 0.123356
0.448916 0.878963 0.160930
0.379147 0.908611 0.175139
-0.096864 0.991106 -0.091247
-0.436767 0.883618 0.168682
0.181073 0.981734 0.058409
0.405022 0.914081 -0.020316
-0.302515 0.943828 0.132945
0.073234 0.950773 -0.301111
0.452322 0.856856 0.247392
0.062391 0.956110 -0.286288
0.074586 0.863861 0.498177
0.017867 0.983483 0.180116
-0.062937 0.953514 -0.294702
0.137065 0.989343 -0.049122
0.002004 0.916711 0.399545
-0.129797 0.875459 0.465536
0.209904 0.945897 0.247426
0.291175 0.915072 0.279035
-0.135470 0.986724 -0.089577
0.108424 0.967253 0.229492
-0.185165 0.908367 -0.374945
-0.104486 0.953993 -0.281033
-0.056754 0.974609 -0.216603
0.131691 0.977721 0.163459
-0.427085 0.879595 -0.209548
0.333120 0.872845 -0.356612
-0.132182 0.930796 -0.340803
0.036609 0.873000 0.486345
-0.514919 0.855710 -0.051163
0.143850 0.900853 0.409598
0.102843 0.970257 0.219144
0.089367 0.964688 0.247770
-0.268809 0.943725 0.192678
0.107508 0.974000 -0.199416
-0.511238 0.851871 0.113808
0.184934 0.982159 0.034116
0.184877 0.865013 -0.466447
-0.104224 0.992351 0.066161
0.062239 0.967015 0.246999
0.108569 0.991997 -0.064456
-0.016116 0.891756 -0.452229
-0.414237 0.864193 0.285620
-0.332038 0.904685 -0.267013
-0.187164 0.853338 -0.486605
0.102610 0.946737 0.305221
-0.324423 0.919496 0.221983
-0.135118 0.974423 0.179562
0.284563 0.958581 -0.012117
-0.398133 0.910502 -0.111701
-0.022926 0.924085 -0.381498
0.006156 0.889929 -0.456057
0.502248 0.860194 0.088391
0.337984 0.933219 -0.121941
0.345537 0.932150 0.108166
0.259832 0.892596 0.368455
0.249241 0.942623 0.222126
0.009505 0.999955 -0.000804
-0.349973 0.851207 -0.391107
-0.515512 0.856805 0.011464
-0.005593 0.963579 -0.267364
0.221928 0.885904 -0.407336
0.223533 0.968760 0.107407
0.313332 0.912379 0.263417
-0.132741 0.983772 -0.120715
-0.438558 0.897976 -0.036128
0.280172 0.959869 -0.012481
0.051350 0.991762 0.117351
-0.099537 0.992747 0.067421
0.287436 0.915646 -0.281022
0.355313 0.933167 0.054336
-0.036329 0.995757 -0.084549
0.121932 0.991395 0.047638
0.213568 0.909690 -0.356163
0.249171 0.893000 -0.374785
0.250776 0.967844 0.019724
0.049128 0.873589 -0.484178
0.101012 0.937015 0.334364
0.322877 0.935085 0.146171
-0.015244 0.999797 0.013149
0.223828 0.972394 0.065965
0.061901 0.925045 0.374780
-0.085996 0.986768 0.137451
-0.069237 0.988740 0.132661
-0.361049 0.888882 0.282016
0.169591 0.982960 -0.070909
-0.373175 0.852711 -0.365547
-0.263373 0.901938 0.342261
-0.397884 0.863015 -0.311277
0.425795 0.904812 0.003677
-0.381696 0.923965 -0.024426
-0.424721 0.870966 0.247044
-0.008395 0.988985 -0.147778
0.116938 0.993111 0.007427
0.343461 0.906207 -0.246624
-0.133857 0.905989 -0.401580
-0.075392 0.945615 0.316430
0.429160 0.900235 0.073479
-0.358369 0.865376 -0.350281
0.311043 0.942925 0.118929
0.436513 0.895850 -0.083128
0.149381 0.983426 0.102756
0.307299 0.948253 -0.079893
0.116178 0.944958 0.305871
0.040766 0.894481 0.445243
0.383596 0.887481 -0.255405
-0.480419 0.873434 0.079441
0.063539 0.986654 -0.149924
0.466139 0.883429 0.047612
-0.088462 0.985348 -0.145818
-0.055517 0.980329 0.189400
-0.209021 0.976220 -0.057495
0.076834 0.994724 0.067980
0.060109 0.926908 0.370443
-0.061473 0.996551 0.055735
-0.314397 0.906296 0.282456
-0.146078 0.944629 0.293833
-0.382805 0.883582 0.269708
0.141182 0.916051 -0.375390
0.438438 0.898453 -0.023558
-0.421469 0.897506 0.129797
0.491949 0.868125 -0.065919
0.183499 0.865430 0.466219
0.239028 0.934231 -0.264723
-0.417159 0.892916 -0.169350
-0.297127 0.944566 -0.139680
-0.332054 0.861466 0.384208
0.209356 0.943126 -0.258231
0.011341 0.862003 0.506776
-0.195656 0.912891 -0.358257
-0.361192 0.910328 0.202098
-0.069861 0.861795 -0.502424
-0.056962 0.937832 0.342383
-0.254454 0.948344 0.189466
-0.170360 0.944125 -0.282146
0.291340 0.886318 0.359946
0.147139 0.986082 0.077407
0.199900 0.968648 0.147516
-0.194122 0.968197 -0.157835
-0.423395 0.904109 -0.057644
-0.113140 0.988974 -0.095554
-0.000563 0.995980 -0.089570
0.428749 0.903350 -0.011536
0.277582 0.943254 -0.182262
-0.269838 0.945928 -0.180021
-0.385839 0.853665 0.349834
0.067863 0.947015 0.313937
-0.265472 0.955521 -0.128472
-0.478166 0.868670 -0.129501
0.323897 0.919144 0.224200
0.143223 0.929682 0.339380
0.408972 0.911441 -0.044902
0.323963 0.877913 -0.352586
0.222976 0.951587 -0.211573
-0.257506 0.959792 0.111757
0.238147 0.969440 0.058922
0.249280 0.955935 0.155074
-0.152681 0.930427 0.333159
-0.141077 0.944456 -0.296818
0.105808 0.929395 -0.353595
-0.186164 0.912371 -0.364584
-0.001584 0.955553 0.294815
0.331136 0.942883 0.036357
0.085393 0.933125 -0.349265
0.138577 0.907470 -0.396603
-0.352532 0.878868 -0.321423
-0.286208 0.940812 0.181542
0.428929 0.901158 0.062727
0.070087 0.975110 0.210352
0.237472 0.969573 -0.059461
-0.464810 0.885183 -0.020073
-0.194348 0.962965 -0.186889
-0.058384 0.960793 0.271052
0.140147 0.865534 0.480842
0.137678 0.881577 0.451517
-0.239877 0.968893 0.060864
0.059932 0.998095 -0.014628
0.208209 0.909504 0.359794
-0.186228 0.921972 0.339540
-0.393805 0.889630 0.231250
0.176980 0.974818 0.135674
-0.002204 0.965683 0.259715
0.431919 0.898164 0.082138
0.033814 0.927662 -0.371887
0.333817 0.942443 0.019167
-0.147388 0.930188 0.336196
-0.073380 0.911970 -0.403642
0.478934 0.875218 -0.067942
-0.131085 0.979657 -0.151953
-0.394745 0.918740 0.009677
0.422984 0.900854 -0.097706
-0.452986 0.866644 0.209123
0.332151 0.901836 -0.276348
0.025777 0.997897 0.059474
-0.100476 0.848408 0.519720
0.075248 0.986858 0.143002
-0.150882 0.967119 0.204733
-0.003630 0.989399 -0.145180
-0.336303 0.907097 0.253131
0.125984 0.990324 -0.058191
-0.344403 0.863953 -0.367385
-0.244304 0.887731 0.390191
0.115283 0.895931 -0.428972
-0.029350 0.941544 -0.335610
-0.322444 0.886695 -0.331362
0.174361 0.969264 0.173567
-0.030695 0.983809 0.176574
-0.323796 0.935486 0.141501
0.241415 0.968921 0.053959
-0.182115 0.977061 0.110394
0.112596 0.960297 0.255248
0.049605 0.912319 -0.406465
-0.115287 0.878851 0.462958
-0.191081 0.937226 0.291711
0.395959 0.861809 -0.317019
0.052854 0.981184 0.185702
-0.080679 0.982752 0.166399
-0.252140 0.903163 0.347451
-0.260128 0.954279 -0.147259
0.494305 0.856421 -0.149018
-0.105129 0.980440 -0.166389
0.187831 0.976103 0.109286
-0.164457 0.983082 0.080647
-0.215753 0.926307 0.308880
-0.021591 0.949925 -0.311730
0.021355 0.858472 -0.512415
0.224033 0.934323 0.277216
0.431802 0.901967 -0.001576
0.456077 0.862340 0.219917
-0.033928 0.973842 0.224679
0.377180 0.903341 -0.204231
-0.008666 0.952476 -0.304489
-0.308028 0.897844 -0.314635
-0.303243 0.934354 0.187151
0.326544 0.861162 0.389575
0.129212 0.983733 -0.124795
0.368269 0.887685 0.276393
0.312118 0.931633 -0.186123
0.050300 0.878834 -0.474469
-0.179259 0.867903 -0.463261
0.227730 0.957436 -0.177354
0.014912 0.958761 -0.283822
0.207528 0.908270 -0.363287
-0.094019 0.928274 -0.359817
0.415287 0.862771 -0.288381
0.378941 0.925058 -0.025895
0.312161 0.907723 -0.280347
-0.152491 0.948221 -0.278610
-0.428942 0.883514 0.188178
0.427115 0.874699 -0.229074
-0.029452 0.925056 -0.378687
0.073459 0.886496 -0.456869
-0.221060 0.959280 -0.175824
0.154829 0.971011 -0.182113
0.107008 0.956850 -0.270161
-0.230339 0.962164 -0.145547
-0.270948 0.944239 0.187082
-0.196263 0.917506 0.345925
0.460181 0.873978 -0.156194
0.273451 0.955459 -0.111008
-0.105073 0.900170 0.422674
-0.467756 0.883769 0.012535
-0.523621 0.851572 -0.025430
-0.206594 0.934249 0.290685
0.211381 0.975909 -0.054030
-0.160481 0.953782 0.254058
0.173657 0.908489 -0.380120
-0.028564 0.870317 -0.491664
0.174819 0.961513 -0.211968
0.228546 0.967833 -0.105200
-0.072930 0.892593 -0.444925
-0.057569 0.995305 -0.077809
-0.028937 0.933284 -0.357972
-0.066568 0.997585 -0.019798
-0.183219 0.961940 0.202736
0.200967 0.893549 0.401475
0.140225 0.906337 0.398611
-0.027434 0.877508 0.478777
0.212494 0.933764 -0.287977
0.058982 0.979371 0.193270
0.335067 0.910494 0.242345
-0.351311 0.934212 0.061876
0.441809 0.896053 -0.043524
0.477682 0.876399 0.061189
-0.026348 0.979823 -0.198121
-0.424765 0.859910 -0.283072
-0.427379 0.878610 0.213053
0.344879 0.924207 0.164011
0.183623 0.943300 0.276528
-0.400467 0.908888 -0.116402
0.201496 0.978555 0.042767
0.179901 0.943193 0.279323
-0.216352 0.969543 -0.114795
-0.406473 0.913286 -0.026241
-0.079192 0.986242 -0.145106
-0.139614 0.976963 0.161405
-0.399273 0.912113 -0.092898
0.112460 0.991971 -0.057849
-0.018672 0.998367 0.053994
-0.237034 0.910212 -0.339601
-0.339418 0.921020 0.191098
-0.213316 0.975149 0.059832
-0.373887 0.897297 -0.234664
-0.213196 0.972524 0.093515
0.218945 0.895022 -0.388586
-0.314026 0.870241 0.379564
-0.282931 0.947655 0.147985
0.003531 0.859037 0.511901
-0.026388 0.985857 -0.165498
-0.209525 0.977798 0.003388
-0.232076 0.966984 0.105276
0.209449 0.977107 -0.037318
0.083166 0.991628 -0.098780
0.231652 0.873369 -0.428443
0.253151 0.967414 0.004998
-0.487588 0.859277 -0.154599
-0.177076 0.934745 -0.308052
0.371562 0.905069 -0.206864
0.037778 0.882073 -0.469596
-0.424076 0.905399 0.020302
-0.119862 0.975689 -0.183475
-0.267121 0.895048 -0.357122
0.477943 0.855727 0.198245
0.384079 0.914316 0.128490
-0.086801 0.996029 -0.019819
-0.409273 0.901304 -0.141939
-0.073217 0.984192 -0.161260
-0.045883 0.922585 -0.383056
-0.274561 0.947091 0.166238
0.290088 0.950171 -0.114120
0.135798 0.955594 0.261531
0.188403 0.961574 -0.199701
0.297332 0.915441 0.271223
0.522903 0.852389 0.002479
0.384983 0.921106 -0.057894
-0.375636 0.867673 -0.325640
0.346117 0.936234 -0.060568
-0.439652 0.898154 -0.004950
-0.154699 0.946124 0.284458
0.130735 0.986329 0.100317
0.344763 0.862996 0.369292
0.213977 0.953281 -0.213233
0.134183 0.964598 -0.227037
-0.193879 0.971756 0.134543
-0.070001 0.950816 0.301744
0.335122 0.935242 -0.114084
0.362991 0.879737 0.307085
-0.020511 0.993589 0.111178
0.371517 0.856613 0.358035
0.152681 0.905396 -0.396165
-0.262345 0.964728 0.021809
0.491913 0.858894 0.142560
0.008574 0.971971 -0.234944
0.048682 0.991900 0.117318
0.209082 0.977876 -0.006574
-0.265309 0.882768 0.387727
0.128688 0.964525 0.230502
-0.036103 0.996312 0.077845
0.154449 0.865182 0.477080
-0.196686 0.911866 -0.360299
-0.396362 0.915916 -0.063199
0.019941 0.998615 0.048695
-0.094646 0.851300 0.516072
-0.280245 0.925926 -0.253226
0.391855 0.916094 0.084982
0.448472 0.877533 0.169730
-0.125270 0.940105 0.317034
-0.219799 0.867916 -0.445432
-0.412892 0.901118 0.132313
-0.205926 0.928437 -0.309191
-0.024192 0.988635 -0.148377
0.212076 0.912091 -0.350877
-0.134356 0.986532 0.093293
0.331524 0.886451 -0.322951
-0.188527 0.873882 -0.448094
0.325632 0.917027 -0.230271
-0.005585 0.999962 -0.006657
-0.112597 0.969832 0.216212
0.445036 0.878056 0.175958
-0.148199 0.982531 0.112561
-0.485992 0.873840 -0.014661
0.164109 0.891743 -0.421739
-0.318469 0.881379 0.348925
0.137880 0.962887 0.232029
-0.083448 0.883750 0.460459
0.006360 0.987499 -0.157500
0.037457 0.960403 0.276085
0.168053 0.866308 -0.470392
-0.015341 0.922015 0.386851
0.211944 0.977267 0.005336
0.202842 0.960246 0.191787
0.371990 0.918573 -0.133597
-0.117934 0.982999 -0.140726
-0.039193 0.980790 -0.191086
0.458038 0.852894 -0.250547
0.133088 0.921946 0.363736
0.160443 0.952921 0.257293
-0.403140 0.861091 0.309839
-0.324676 0.928388 0.180778
-0.399465 0.848724 -0.346547
0.477348 0.852905 0.211405
-0.005150 0.990331 -0.138626
0.151834 0.967145 -0.203905
0.520186 0.851497 -0.066018
-0.489328 0.848955 -0.199583
-0.189277 0.930759 0.312829
0.358199 0.924858 -0.127794
0.244178 0.965178 -0.093852
0.443716 0.894885 -0.047935
-0.422143 0.902599 0.084328
0.231676 0.958058 0.168674
0.331155 0.933664 0.136413
-0.156189 0.948079 0.277041
0.016036 0.972699 -0.231514
-0.067627 0.989214 0.129928
-0.194043 0.908561 0.369952
-0.357938 0.922957 0.141529
-0.080540 0.876012 0.475517
-0.356683 0.929755 -0.091284
-0.400989 0.876862 0.265180
-0.276262 0.934897 0.222817
-0.307762 0.888871 -0.339399
-0.216293 0.971843 0.093484
-0.339898 0.939522 0.042055
0.183774 0.969486 0.162246
0.161786 0.977063 -0.138469
0.083547 0.985856 -0.145283
0.500246 0.865730 0.016288
0.504588 0.853267 0.131632
0.200609 0.979078 -0.034105
-0.132523 0.965875 -0.222540
-0.114906 0.923146 -0.366877
-0.319929 0.941939 0.101958
-0.419517 0.894601 -0.153931
0.469868 0.882646 -0.012701
-0.482156 0.872512 -0.079050
-0.153673 0.924247 0.349502
0.081837 0.996498 -0.017182
-0.350718 0.921816 -0.165084
-0.057988 0.922620 0.381327
-0.126296 0.930852 -0.342875
0.269405 0.954702 -0.126352
-0.103034 0.990283 -0.093400
-0.064091 0.924653 -0.375378
-0.002869 0.949254 -0.314497
-0.505612 0.861482 -0.046969
-0.057169 0.990522 -0.124891
0.209074 0.894930 0.394193
-0.378196 0.908075 0.179908
-0.208704 0.934601 0.288034
0.476780 0.877960 0.043200
0.364644 0.924072 -0.114570
-0.309713 0.883367 -0.351768
-0.408085 0.874596 -0.261818
-0.306923 0.885765 -0.348164
0.226146 0.895756 -0.382725
0.377832 0.870565 -0.315214
-0.376434 0.920917 -0.101039
-0.194923 0.862868 0.466330
0.145828 0.979444 0.139371
-0.139714 0.963553 -0.228135
-0.109153 0.986741 -0.120119
-0.188027 0.906823 -0.377250
-0.122342 0.992467 0.006430
0.505968 0.861998 -0.030908
-0.225141 0.898418 -0.377036
-0.143375 0.949538 -0.278965
-0.162743 0.950932 -0.263140
0.173830 0.973867 -0.146173
-0.301627 0.899615 -0.315775
-0.266536 0.904195 -0.333752
-0.244822 0.940778 -0.234517
0.000973 0.969579 0.244775
0.045764 0.987374 0.151653
0.255426 0.889006 -0.380035
0.291342 0.887443 -0.357160
-0.169548 0.911405 0.374960
-0.085202 0.996024 -0.026026
-0.120473 0.945482 -0.302574
-0.311977 0.949779 0.024292
-0.005008 0.906513 0.422148
0.052467 0.998375 0.022260
0.313478 0.926039 -0.210199
0.299532 0.934657 -0.191567
0.402831 0.860649 0.311465
-0.373535 0.885655 -0.275839
0.232762 0.964985 0.120936
-0.003935 0.999716 -0.023508
-0.249677 0.943671 0.217131
-0.074257 0.993129 0.090447
-0.120474 0.882989 -0.453671
-0.252900 0.916519 0.309895
0.392223 0.887383 0.242307
-0.354510 0.934954 -0.013547
0.198545 0.899989 0.388071
0.165001 0.983747 -0.070820
-0.403601 0.890644 -0.209427
0.368898 0.885051 0.283901
-0.264284 0.905050 0.333225
0.145416 0.913461 -0.380058
0.072764 0.993071 0.092278
0.072971 0.968080 -0.239783
-0.299512 0.880116 0.368358
-0.185268 0.965046 -0.185368
0.297929 0.953953 0.034807
-0.004290 0.922131 0.386853
-0.346329 0.897727 -0.272292
-0.257549 0.958805 0.119838
-0.073408 0.997145 -0.017704
0.218126 0.943028 0.251235
0.243190 0.955010 0.169749
-0.162622 0.896745 -0.411586
0.446167 0.863606 -0.234775
0.040786 0.993907 0.102397
-0.440500 0.891230 -0.108020
0.447725 0.891003 -0.075211
0.300342 0.891421 -0.339358
-0.146138 0.925318 -0.349900
-0.338358 0.940786 -0.020875
-0.095234 0.870760 0.482397
-0.494524 0.868179 -0.041364
0.111247 0.888294 0.445598
-0.034125 0.999413 0.002948
-0.219723 0.907999 0.356733
0.065997 0.992358 -0.104260
0.433414 0.888559 -0.150381
0.203795 0.955323 -0.214067
-0.092912 0.955635 -0.279517
0.328116 0.934140 0.140433
0.081547 0.854489 -0.513029
0.473537 0.872885 -0.117620
0.214491 0.924002 -0.316566
0.199931 0.945802 -0.255902
0.409839 0.853981 0.320545
-0.358528 0.913703 0.191323
0.358527 0.854963 0.374830
-0.297306 0.942796 0.150817
-0.107207 0.978472 -0.176351
-0.140206 0.983537 -0.114003
0.385397 0.878630 -0.281918
0.003246 0.993397 -0.114680
-0.389296 0.919058 0.061488
-0.249268 0.966777 0.056637
-0.009123 0.999531 -0.029227
0.117514 0.878387 -0.463278
-0.410618 0.903067 -0.125950
0.181862 0.969265 -0.165684
-0.005942 0.969443 0.245244
-0.002701 0.858809 0.512288
-0.248894 0.931702 -0.264543
-0.334406 0.934934 -0.118623
-0.129656 0.912257 0.388558
-0.123212 0.990147 -0.066541
0.178996 0.902787 -0.391071
-0.159308 0.907209 -0.389350
0.415261 0.897225 -0.150150
0.060278 0.983808 -0.168784
-0.047932 0.965085 -0.257513
0.367260 0.928202 0.059678
-0.078999 0.976150 0.202214
-0.024318 0.989248 -0.144210
-0.302053 0.906797 0.294079
-0.067793 0.848081 -0.525512
0.329581 0.941266 -0.073445
-0.024662 0.999226 0.030638
0.125982 0.991742 0.024020
0.128973 0.941155 0.312398
0.058332 0.996019 0.067401
-0.200606 0.954916 0.218843
-0.005349 0.993109 -0.117075
-0.525467 0.850759 0.009692
-0.235648 0.936465 -0.259813
-0.461188 0.859303 0.221140
-0.152485 0.907379 -0.391677
-0.417420 0.853047 -0.313162
-0.191052 0.906021 0.377658
0.147155 0.926456 0.346446
-0.409744 0.888065 0.208446
0.005462 0.871436 -0.490480
0.223100 0.965349 -0.135383
-0.023160 0.988495 0.149471
-0.252126 0.903094 -0.347640
-0.401817 0.903347 -0.150025
0.429835 0.894253 -0.124717
0.327251 0.857284 0.397455
0.161268 0.986902 0.004013
0.121625 0.983826 -0.131509
-0.350017 0.917409 -0.189339
-0.417834 0.897527 -0.140927
0.138747 0.877572 -0.458931
0.005711 0.990405 0.138080
0.059251 0.993677 0.095366
0.256585 0.913854 -0.314700
-0.505042 0.857641 -0.096872
-0.140721 0.972426 0.185971
0.394783 0.915551 -0.076900
-0.070351 0.894667 -0.441159
0.061859 0.962483 0.264196
-0.493668 0.860286 -0.127278
0.344583 0.868158 -0.357162
0.076812 0.869705 0.487558
-0.295407 0.854759 -0.426757
-0.137273 0.881218 0.452340
0.119669 0.959696 0.254289
-0.088925 0.996007 -0.007848
0.056460 0.930330 0.362352
0.330956 0.890093 0.313372
0.320407 0.918233 -0.232783
0.251725 0.934589 0.251353
0.081319 0.914536 0.396247
-0.274451 0.961514 0.012973
-0.019460 0.951127 0.308186
0.308001 0.942634 0.128753
-0.003464 0.959796 0.280678
-0.112993 0.956552 -0.268777
0.291487 0.956008 -0.032912
-0.347171 0.937773 -0.007349
-0.308181 0.949286 0.062289
-0.185791 0.967719 0.170298
0.448362 0.890242 0.080257
-0.495053 0.865264 0.079000
0.440735 0.852166 0.282075
0.216730 0.974639 0.055735
-0.094737 0.958170 -0.270066
0.143301 0.972383 -0.184216
0.030323 0.870196 -0.491772
-0.064353 0.857646 -0.510199
0.037568 0.998369 0.042988
-0.252586 0.884825 0.391517
-0.021118 0.996460 0.081368
-0.239827 0.954824 -0.175485
-0.395072 0.917198 0.051622
-0.252614 0.963390 -0.089807
0.005896 0.990180 0.139671
0.215818 0.858310 -0.465540
0.075738 0.984260 -0.159676
-0.074650 0.993817 0.082195
-0.150513 0.938212 0.311615
0.332545 0.902594 -0.273384
0.164838 0.984681 -0.056848
0.093394 0.965290 0.243913
-0.030201 0.954241 -0.297510
0.208194 0.863410 -0.459542
0.344451 0.910771 0.227706
0.257886 0.918347 -0.300221
-0.160966 0.888036 0.430676
0.092288 0.980499 -0.173508
0.139023 0.967863 0.209557
0.454678 0.885935 -0.091584
0.149862 0.988703 -0.002774
0.142481 0.888253 -0.436699
-0.283172 0.863009 -0.418364
0.505317 0.861158 0.055334
0.058488 0.906670 -0.417766
0.430957 0.873484 0.226500
-0.301386 0.887530 -0.348507
-0.260869 0.898130 -0.353992
-0.400072 0.893907 -0.202170
-0.408536 0.898058 -0.163064
-0.026600 0.966777 0.254235
-0.137698 0.954744 0.263634
-0.001303 0.976629 -0.214930
0.119746 0.939551 -0.320788
0.124251 0.972927 0.194873
0.387951 0.884558 0.258944
0.073048 0.973462 0.216877
0.175317 0.932902 0.314577
0.213061 0.852459 0.477408
-0.338053 0.898725 0.279309
-0.355185 0.932791 -0.061189
-0.154596 0.942455 0.296442
0.324063 0.862191 -0.389370
0.163974 0.911536 0.377113
0.193461 0.980934 -0.018454
-0.122280 0.940290 -0.317650
-0.016598 0.995925 -0.088645
-0.021081 0.938636 -0.344264
0.379757 0.885552 -0.267548
0.385294 0.854048 -0.349499
0.304847 0.947196 0.099440
0.090546 0.991417 -0.094307
-0.486886 0.870827 0.067843
-0.268738 0.952304 0.144555
0.090147 0.954044 -0.285785
0.068406 0.942081 -0.328336
-0.352755 0.894201 0.275622
-0.388449 0.910656 -0.140759
-0.415517 0.877783 0.238419
0.244551 0.862010 -0.443997
0.346486 0.888285 -0.301493
-0.389986 0.901459 -0.187838
-0.138449 0.990124 -0.022076
0.191272 0.873055 -0.448543
0.248487 0.901725 -0.353760
-0.082761 0.994898 0.057696
-0.329980 0.929816 0.162956
0.023193 0.892107 0.451228
-0.068452 0.990291 -0.120985
0.102677 0.848086 0.519815
-0.458555 0.879890 0.124584
-0.380111 0.878602 0.289094
0.239042 0.859761 -0.451299
-0.401472 0.859618 -0.316035
0.186166 0.960115 -0.208620
-0.240885 0.970440 0.014848
0.315258 0.936496 0.153583
0.190794 0.964378 -0.183228
0.338465 0.938324 -0.070642
-0.491630 0.857807 -0.149893
0.272556 0.942456 -0.193622
0.346009 0.936026 0.064290
0.011998 0.999897 -0.007847
-0.273589 0.956561 -0.100697
-0.427166 0.898731 0.099052
-0.262996 0.939828 0.218073
0.292765 0.853204 0.431661
0.394354 0.918768 0.018715
-0.088070 0.878723 -0.469137
-0.462790 0.867840 -0.180775
-0.324408 0.895771 -0.303898
0.173850 0.982757 -0.062971
0.270346 0.957276 0.102649
0.256834 0.963438 0.076308
0.418224 0.885023 -0.204507
-0.152041 0.930896 0.332138
-0.364563 0.920517 0.140510
-0.321347 0.849104 -0.419236
-0.413073 0.853588 0.317425
0.149834 0.984171 -0.094647
0.328484 0.938787 -0.103816
-0.497301 0.866686 0.039345
-0.068205 0.940485 0.332919
0.026582 0.999647 -0.000368
0.402315 0.877150 0.262204
0.353509 0.934400 0.043920
0.211951 0.924923 -0.315586
-0.319057 0.944917 0.073043
-0.349956 0.886912 0.301528
-0.186834 0.910730 0.368324
0.084898 0.995468 -0.042842
-0.252765 0.963401 -0.089261
-0.453720 0.862610 0.223701
-0.032942 0.917338 0.396745
0.055055 0.988065 -0.143862
0.318283 0.921107 -0.224182
-0.323112 0.900177 0.292027
-0.055415 0.996310 -0.065538
-0.099125 0.942592 -0.318897
0.323098 0.894787 0.308161
-0.442487 0.894410 0.065080
-0.496869 0.855510 0.145686
0.003121 0.989087 -0.147301
-0.322942 0.863678 -0.387000
0.247515 0.962220 -0.113440
0.288119 0.957285 0.024349
0.229051 0.860797 -0.454492
0.272494 0.936802 -0.219429
0.282896 0.918016 0.277878
-0.304800 0.948003 0.091585
0.496228 0.868073 -0.014390
-0.244200 0.890082 -0.384864
-0.380762 0.870570 -0.311653
0.190349 0.980753 -0.043488
0.269293 0.932364 0.241203
-0.350390 0.863020 -0.363900
0.226153 0.880516 0.416589
-0.190191 0.927821 0.320898
0.233935 0.853758 0.465159
0.189382 0.970496 0.149240
-0.280626 0.936085 -0.212119
0.099878 0.991119 0.087794
-0.131867 0.991232 -0.008421
-0.049551 0.857389 -0.512278
-0.122182 0.978338 0.167114
0.175029 0.982603 0.062101
0.224001 0.970609 -0.087987
0.136477 0.975707 0.171378
-0.332072 0.884321 0.328185
0.318059 0.927449 0.196664
0.169552 0.983948 -0.055671
0.078668 0.974093 -0.212026
0.021968 0.919847 0.391662
0.165995 0.897270 0.409086
0.320872 0.871766 -0.370223
0.245835 0.968361 -0.042916
0.212741 0.926985 0.308934
-0.517041 0.852009 -0.082152
-0.176973 0.984021 0.019602
0.441216 0.871333 0.214724
0.276508 0.900975 -0.334346
-0.082142 0.982143 0.169258
0.430353 0.900367 -0.064310
0.175152 0.850453 0.496035
-0.086142 0.971049 0.222808
-0.162493 0.858368 0.486622
0.241429 0.942720 0.230197
0.048068 0.925862 -0.374793
0.218986 0.974104 0.056269
-0.360297 0.929876 0.074277
-0.114568 0.989204 0.091372
-0.169700 0.975192 0.142134
0.215737 0.956363 0.197046
0.180161 0.972304 0.148883
-0.413086 0.879897 0.234823
-0.185071 0.907823 0.376306
-0.234950 0.971920 -0.013078
-0.407544 0.897340 -0.169380
-0.095260 0.880961 -0.463501
-0.145460 0.917992 -0.368961
-0.238238 0.970340 -0.041029
-0.083540 0.918400 -0.386734
-0.312543 0.942910 -0.115056
0.120838 0.978639 0.166325
-0.315785 0.939923 -0.129710
0.487828 0.853079 -0.185149
0.263959 0.941363 -0.210146
-0.015711 0.999876 0.000590
0.123671 0.865347 0.485675
-0.418507 0.882140 -0.216059
0.455630 0.880954 -0.127753
0.322518 0.905198 0.276763
0.448526 0.892337 -0.050584
0.042771 0.975656 0.215094
-0.194651 0.872798 -0.447588
0.051339 0.984619 0.167005
0.358403 0.921051 0.152357
-0.262306 0.910080 -0.320858
0.373879 0.869430 -0.322964
-0.123640 0.957475 -0.260683
0.108317 0.994065 -0.010067
-0.215605 0.899373 -0.380320
-0.149440 0.988645 -0.015797
-0.473960 0.866536 -0.156453
-0.106190 0.980592 0.164809
0.398045 0.881766 0.253078
0.269829 0.958588 -0.091106
-0.391199 0.919745 -0.032137
-0.162855 0.959476 -0.229964
-0.084154 0.918741 -0.385789
0.138680 0.990047 0.023957
-0.320029 0.918999 -0.230265
0.491278 0.859332 -0.142103
-0.098892 0.954634 0.280880
-0.170896 0.960705 -0.218726
0.217413 0.976060 0.006220
-0.242532 0.952668 -0.183307
-0.104110 0.908152 -0.405489
0.058965 0.978799 -0.196150
0.290244 0.905529 -0.309476
0.268786 0.915314 0.299923
-0.164466 0.985533 -0.040931
-0.256914 0.910785 0.323212
-0.098118 0.994981 -0.019650
0.216958 0.922263 -0.319937
0.103755 0.949790 0.295183
-0.500477 0.855622 -0.132035
-0.474667 0.865893 -0.157860
-0.224842 0.896112 -0.382662
0.099713 0.940327 -0.325335
-0.435246 0.898586 -0.055716
0.407270 0.905082 -0.122305
-0.070294 0.995528 0.063103
0.292433 0.935869 0.196553
0.014877 0.951213 0.308176
-0.181729 0.969469 0.164634
0.059721 0.987787 0.143909
-0.487705 0.869665 0.076336
0.138394 0.927337 0.347697
-0.072013 0.903178 -0.423183
0.113126 0.974893 0.191798
0.317087 0.892131 0.321804
-0.115172 0.928891 -0.351990
0.285729 0.946726 0.148557
0.317816 0.935303 0.155565
-0.199812 0.898923 -0.389888
0.125948 0.869941 -0.476802
-0.387063 0.903995 -0.181590
0.310202 0.863714 -0.397207
-0.431941 0.896484 0.098708
0.167864 0.958092 0.232122
0.131296 0.892266 -0.431998
0.062022 0.990026 -0.126499
0.130852 0.869218 0.476800
-0.134027 0.929121 -0.344632
-0.432238 0.885014 -0.172973
0.056665 0.958558 0.279205
0.394362 0.857308 -0.330910
-0.088952 0.891112 -0.444979
-0.210846 0.918596 0.334253
-0.361481 0.880231 -0.307450
-0.328989 0.902414 0.278235
-0.380384 0.908960 -0.170585
-0.050961 0.873977 0.483288
-0.200061 0.950681 -0.237026
-0.379465 0.908548 0.174777
-0.275852 0.928517 -0.248521
0.454770 0.889660 0.041101
-0.090098 0.994801 -0.047462
-0.330823 0.857305 -0.394443
-0.349952 0.899502 -0.261590
-0.183900 0.969803 0.160196
0.407524 0.906457 -0.110724
-0.048975 0.998499 0.024518
0.049973 0.872945 0.485252
0.181958 0.868191 0.461667
-0.476287 0.876490 0.070111
0.441625 0.896532 0.034623
0.009718 0.999505 0.029907
0.181835 0.979528 0.086378
-0.407874 0.911051 -0.060209
-0.241306 0.855091 0.458902
0.261416 0.891625 0.369685
-0.369497 0.892739 -0.257854
0.329412 0.943653 0.031736
0.047036 0.888775 0.455925
-0.063496 -0.994103 -0.087907
0.030494 -0.999463 -0.011981
-0.193359 -0.978007 0.078201
0.472079 -0.854493 0.216758
-0.399435 -0.865282 0.302884
-0.221040 -0.848745 -0.480388
0.252106 -0.921913 0.294140
-0.071043 -0.856466 -0.511291
-0.094314 -0.943606 0.317353
0.415410 -0.880151 -0.229714
-0.387192 -0.849241 0.358988
0.015929 -0.999641 -0.021536
0.350459 -0.936035 0.031905
-0.080934 -0.996714 -0.003424
0.037937 -0.968706 -0.245297
0.046923 -0.994726 -0.091200
0.048479 -0.928341 -0.368555
-0.449442 -0.889291 0.084631
-0.126564 -0.896180 0.425255
0.281897 -0.958170 0.049443
-0.306361 -0.928719 0.208863
-0.360732 -0.890360 -0.277725
0.434701 -0.879218 -0.194963
-0.079947 -0.903739 0.420552
0.090014 -0.961639 0.259130
0.030957 -0.869039 0.493774
0.410306 -0.911946 0.001814
-0.190222 -0.891098 0.412020
0.422821 -0.860549 0.284040
-0.039135 -0.942266 0.332571
-0.452140 -0.871453 0.190105
-0.142897 -0.989662 0.012244
0.345482 -0.895996 -0.278987
-0.334733 -0.858987 -0.387422
0.418335 -0.905611 0.069741
0.312904 -0.909585 0.273395
-0.119738 -0.907167 0.403373
-0.237844 -0.971195 -0.014513
-0.271943 -0.935277 0.226502
-0.225935 -0.950071 -0.215217
0.242331 -0.928051 0.282837
0.367402 -0.853415 0.369728
-0.043204 -0.928757 0.368164
-0.326420 -0.899901 0.289186
0.303365 -0.920927 -0.244670
-0.223805 -0.960635 0.164594
0.210935 -0.896557 -0.389476
0.378377 -0.918579 -0.114208
0.201372 -0.961226 -0.188397
0.276900 -0.922952 -0.267369
0.290674 -0.858932 -0.421597
-0.306357 -0.950483 0.052228
-0.336984 -0.920203 -0.199170
-0.358080 -0.850899 -0.384381
-0.403301 -0.876744 0.262047
0.321130 -0.947034 -0.001326
0.449764 -0.880778 -0.148133
-0.113736 -0.870084 -0.479602
-0.456246 -0.883193 -0.108675
-0.153584 -0.966968 -0.203432
0.221008 -0.967716 0.121165
0.059969 -0.997290 -0.042613
-0.221104 -0.954832 -0.198519
0.432369 -0.882697 0.184129
0.139294 -0.989980 0.023190
-0.435745 -0.867255 -0.240822
-0.047904 -0.930255 0.363772
0.338927 -0.925958 -0.166523
-0.028024 -0.986966 0.158468
-0.186217 -0.957412 0.220647
0.282329 -0.889481 0.359325
0.091292 -0.995348 0.030789
-0.283104 -0.957491 0.055345
0.154621 -0.984041 -0.088070
0.369316 -0.863612 0.343190
0.062506 -0.981300 -0.182054
-0.203707 -0.911310 -0.357794
-0.049065 -0.861425 -0.505510
-0.351923 -0.875475 -0.331200
-0.419633 -0.871066 -0.255250
-0.357955 -0.897544 0.257453
-0.180450 -0.977867 0.105894
0.012587 -0.855346 0.517904
-0.237125 -0.970058 -0.052528
-0.106288 -0.993789 -0.032970
-0.208212 -0.855258 -0.474533
0.222738 -0.937931 0.265845
-0.386336 -0.915157 -0.115032
0.252225 -0.958343 0.134022
-0.082798 -0.944667 0.317410
-0.189400 -0.899645 0.393403
0.329011 -0.898495 -0.290617
-0.091277 -0.968420 0.232017
-0.245084 -0.941922 0.229601
0.353230 -0.928571 0.113952
-0.016096 -0.985012 -0.171734
-0.503448 -0.860061 -0.082676
-0.294103 -0.892007 -0.343258
0.246355 -0.869627 -0.427853
-0.217728 -0.970931 -0.099433
0.068532 -0.940053 -0.334070
-0.178895 -0.982468 0.052479
-0.040482 -0.899697 -0.434633
-0.284550 -0.906031 -0.313271
0.388935 -0.918317 -0.073648
-0.287287 -0.863146 0.415266
-0.074621 -0.977519 -0.197201
0.119793 -0.992734 0.011374
-0.424966 -0.877614 -0.221805
-0.349297 -0.935240 0.057598
-0.232588 -0.934277 -0.270240
0.200607 -0.931445 0.303592
-0.404784 -0.905214 0.129374
0.505476 -0.862410 -0.027251
-0.029833 -0.993304 0.111613
-0.340610 -0.940101 0.013985
0.089018 -0.966741 -0.239764
-0.141777 -0.924279 -0.354412
0.209492 -0.909745 -0.358436
0.027913 -0.941060 0.337085
0.247181 -0.921336 -0.300068
-0.137402 -0.894123 -0.426221
0.086826 -0.990412 -0.107448
-0.327474 -0.887344 0.324626
-0.271518 -0.961099 0.050659
-0.498930 -0.865608 0.042336
-0.264571 -0.904186 -0.335334
-0.445091 -0.871462 -0.206028
-0.104113 -0.977862 0.181513
0.497645 -0.861750 -0.098676
0.022851 -0.999679 0.010965
0.029871 -0.881910 0.470470
-0.318334 -0.912944 0.255336
-0.257108 -0.926893 0.273432
-0.406113 -0.878852 -0.250381
-0.030406 -0.990825 -0.131686
-0.226844 -0.880323 0.416620
0.038960 -0.907658 -0.417898
-0.202587 -0.909614 -0.362715
-0.090855 -0.995020 0.040995
-0.307422 -0.937177 -0.164897
0.060332 -0.992725 -0.104199
-0.359364 -0.905138 0.227117
-0.011729 -0.993613 0.112233
-0.056737 -0.885083 -0.461963
-0.083151 -0.968133 0.236231
0.526729 -0.849696 -0.023950
0.114916 -0.939224 0.323500
-0.241411 -0.896551 0.371371
-0.487833 -0.856324 -0.169493
-0.141617 -0.895859 -0.421167
0.361055 -0.930851 -0.056174
0.522394 -0.850185 0.065498
0.019509 -0.982559 -0.184924
-0.075176 -0.997138 -0.008018
0.336239 -0.899538 -0.278883
0.090840 -0.872942 0.479292
-0.446017 -0.857282 -0.257169
-0.093663 -0.966215 -0.240118
0.231626 -0.954563 0.187506
0.070355 -0.944604 -0.320583
-0.359938 -0.874135 -0.326086
0.361815 -0.932250 0.000302
-0.276830 -0.872760 0.402064
-0.343528 -0.933251 -0.105030
-0.415773 -0.870463 -0.263490
-0.314381 -0.936066 0.157939
-0.035081 -0.995886 -0.083544
-0.277679 -0.901681 -0.331460
-0.301419 -0.852080 0.427909
-0.158355 -0.901009 0.403865
-0.403690 -0.883929 0.236016
-0.332462 -0.934016 0.130704
0.207934 -0.977842 -0.024249
-0.300069 -0.898228 -0.321163
-0.157945 -0.867247 0.472161
0.084531 -0.892009 -0.444043
0.439027 -0.893568 -0.093761
-0.104588 -0.936685 -0.334190
-0.164427 -0.955494 -0.244940
-0.011061 -0.991974 -0.125956
-0.084096 -0.874707 -0.477301
-0.007699 -0.929088 0.369778
-0.504835 -0.862931 -0.022188
-0.418143 -0.907104 -0.048150
-0.464455 -0.877566 0.118995
0.243615 -0.943338 -0.225312
0.111274 -0.991879 -0.061594
0.428968 -0.902495 -0.038605
0.445437 -0.884008 0.141828
-0.073598 -0.928587 0.363743
0.189770 -0.953899 0.232518
0.419194 -0.865670 -0.273663
-0.078333 -0.995140 -0.059673
0.120695 -0.911612 0.392933
-0.315316 -0.948487 -0.030791
0.201040 -0.857491 -0.473594
0.272326 -0.960749 0.052915
-0.052535 -0.871519 0.487539
0.508522 -0.853003 -0.117435
-0.411809 -0.907375 0.084164
-0.218678 -0.954140 0.204443
-0.286554 -0.894903 0.342105
0.360573 -0.932597 -0.015844
0.257606 -0.940444 -0.221822
-0.201961 -0.955066 0.216933
0.006969 -0.950957 -0.309245
0.341465 -0.875273 0.342490
0.104409 -0.921325 -0.374511
-0.064191 -0.868715 0.491136
0.167022 -0.862555 -0.477600
-0.307448 -0.950513 -0.044732
0.067097 -0.997642 -0.014429
0.349456 -0.931353 0.102281
0.462188 -0.870645 -0.168405
0.326810 -0.943202 0.059703
-0.270923 -0.962403 -0.019513
-0.032226 -0.880814 0.472364
-0.051356 -0.949978 -0.308064
0.102739 -0.973352 0.205015
-0.264200 -0.964355 -0.014764
0.319502 -0.944490 0.076536
-0.038546 -0.939449 -0.340513
0.287130 -0.910265 -0.298284
-0.090136 -0.972472 -0.214879
0.043619 -0.975689 -0.214773
0.017416 -0.990422 0.136970
0.232583 -0.856127 -0.461466
0.321735 -0.899536 -0.295503
-0.233168 -0.895551 -0.378973
-0.306666 -0.890580 -0.335890
0.275537 -0.866152 -0.416966
0.252962 -0.889299 -0.380997
-0.150981 -0.891434 0.427259
0.239843 -0.928057 -0.284929
-0.138339 -0.967899 0.209842
-0.138878 -0.950800 -0.276934
-0.413444 -0.869191 -0.271239
0.427728 -0.897429 -0.108026
-0.112869 -0.927991 -0.355097
-0.247455 -0.900534 0.357497
0.314440 -0.900917 0.299124
-0.439195 -0.884811 0.155617
0.071518 -0.975305 -0.208964
-0.136213 -0.951575 0.275592
-0.131409 -0.948003 -0.289867
0.507071 -0.858913 0.071748
0.464555 -0.867071 -0.179937
0.222745 -0.955984 0.190995
0.362877 -0.918623 0.156370
-0.136771 -0.956449 0.257874
0.051304 -0.993186 -0.104639
0.424996 -0.884224 0.193718
-0.178349 -0.867289 -0.464759
-0.152259 -0.938673 -0.309370
0.114151 -0.902298 -0.415727
0.368036 -0.848694 0.379827
-0.333983 -0.897022 -0.289495
-0.032208 -0.988606 0.147043
0.045804 -0.882728 -0.467646
0.201868 -0.855724 -0.476430
0.248196 -0.967844 0.040955
-0.132088 -0.930157 0.342580
0.248786 -0.951054 -0.183308
0.449543 -0.864391 0.225254
0.439087 -0.877561 -0.192584
-0.353852 -0.935261 0.008662
0.160567 -0.961050 0.224947
0.463681 -0.867102 0.182030
0.067162 -0.985298 0.157088
0.105142 -0.920051 0.377427
0.430991 -0.897064 -0.097584
-0.235925 -0.923422 0.302708
-0.423245 -0.901813 0.087161
-0.273836 -0.954054 0.121634
0.395322 -0.891043 0.223075
0.131588 -0.885818 0.444984
0.083043 -0.991284 0.102274
0.049597 -0.981167 0.186687
-0.153788 -0.885626 0.438196
-0.438334 -0.879458 0.185518
-0.370660 -0.928766 -0.002436
0.101355 -0.961669 0.254795
-0.102165 -0.986427 0.128545
-0.307497 -0.932739 0.188263
-0.209556 -0.976679 0.046744
0.002175 -0.938182 0.346134
-0.032525 -0.849983 -0.525805
-0.116893 -0.941659 0.315618
-0.070026 -0.860974 0.503805
0.255909 -0.898264 -0.357257
0.012123 -0.931130 0.364487
0.030364 -0.869088 -0.493724
-0.439945 -0.878759 -0.185017
0.499402 -0.852094 0.156629
0.498272 -0.852087 0.160224
-0.171660 -0.918044 0.357391
-0.279845 -0.955245 0.095883
0.235464 -0.971872 0.004700
-0.300628 -0.949351 0.091412
0.374251 -0.927316 -0.004634
-0.297144 -0.940053 0.167350
-0.024254 -0.898576 -0.438147
-0.169186 -0.960148 0.222470
0.134037 -0.940619 -0.311882
-0.428338 -0.880201 -0.204383
-0.428661 -0.896987 -0.108001
-0.248747 -0.875660 0.413938
-0.298567 -0.869069 -0.394432
-0.085077 -0.940282 0.329593
0.296991 -0.909350 0.291340
-0.350865 -0.871836 0.341754
-0.133557 -0.989161 -0.061019
0.204296 -0.943937 -0.259317
-0.163257 -0.901934 -0.399829
-0.056662 -0.848420 0.526283
-0.100077 -0.931619 -0.349386
-0.088097 -0.880647 0.465509
-0.407086 -0.852418 -0.328122
-0.024896 -0.986461 0.162094
-0.432909 -0.878123 0.203693
0.069492 -0.997206 -0.027402
0.152143 -0.988300 -0.010709
-0.336260 -0.874717 -0.348997
-0.341287 -0.939455 -0.030792
0.258980 -0.919498 0.295724
0.378083 -0.860956 0.340305
-0.165345 -0.976611 -0.137451
-0.022953 -0.859981 0.509809
-0.211000 -0.939845 0.268645
0.140639 -0.917405 0.372274
-0.217411 -0.878204 -0.426017
-0.404093 -0.911771 0.073366
-0.293145 -0.943095 -0.156961
0.460063 -0.887318 -0.031768
-0.111569 -0.865474 -0.488372
-0.487156 -0.873308 -0.003484
0.411452 -0.850786 -0.326910
-0.121663 -0.971424 -0.203797
-0.338861 -0.900634 0.272088
0.174724 -0.979780 0.097482
0.435734 -0.874176 -0.214366
0.398490 -0.916374 0.038261
0.497540 -0.848871 0.178531
0.157516 -0.959347 0.234183
-0.031951 -0.997699 -0.059793
-0.310870 -0.935676 0.166943
-0.000191 -0.941453 -0.337144
0.066569 -0.871006 -0.486741
-0.170117 -0.952962 0.250847
-0.178950 -0.970539 0.161341
0.339196 -0.916379 -0.212594
-0.192420 -0.929833 0.313662
-0.154158 -0.958907 -0.238185
-0.448289 -0.879984 0.157049
0.176384 -0.942857 0.282682
0.123781 -0.918443 0.375688
-0.518615 -0.852283 0.068201
0.145029 -0.959028 0.243374
0.132053 -0.863373 0.486980
0.175749 -0.950410 0.256580
0.443897 -0.856764 -0.262508
0.375789 -0.924805 0.059315
0.328338 -0.915527 -0.232389
-0.276107 -0.901808 -0.332427
-0.332110 -0.931136 0.150625
0.156177 -0.969940 0.186617
0.277240 -0.923083 -0.266562
-0.500110 -0.848808 -0.171505
-0.320375 -0.946809 -0.030205
-0.341910 -0.854923 -0.390134
0.365662 -0.856316 0.364711
0.116750 -0.984449 -0.131264
-0.442950 -0.848219 -0.290378
-0.248671 -0.964404 -0.089935
-0.343390 -0.859975 0.377526
0.064487 -0.989808 0.126970
0.224891 -0.965333 0.132497
-0.373371 -0.897347 0.235292
-0.149319 -0.916840 -0.370282
-0.290919 -0.931671 -0.217613
0.295292 -0.931845 -0.210872
0.185131 -0.949714 0.252528
-0.141836 -0.989362 0.032327
-0.434407 -0.897062 -0.081062
0.079280 -0.991729 -0.100933
-0.195486 -0.980211 0.031177
0.288269 -0.910689 -0.295884
-0.072314 -0.931679 0.356013
0.037327 -0.853132 -0.520358
-0.026476 -0.951701 -0.305884
-0.047871 -0.949586 -0.309832
-0.380722 -0.917841 0.112331
0.463265 -0.881871 -0.087683
0.391387 -0.887358 0.243746
0.211466 -0.952610 0.218670
0.451621 -0.883762 -0.122486
0.043675 -0.895376 -0.443164
-0.173762 -0.984756 -0.007934
-0.331324 -0.943338 0.018388
0.016805 -0.998485 0.052399
-0.464538 -0.878144 0.114312
0.186805 -0.973730 0.130209
0.035061 -0.972331 0.230960
-0.313711 -0.880726 0.354835
0.409714 -0.897753 0.161784
0.358809 -0.915945 -0.179723
-0.070152 -0.937794 0.340031
-0.395388 -0.901620 0.175354
0.104584 -0.938415 -0.329302
0.091655 -0.965319 -0.244454
-0.134199 -0.888792 -0.438223
-0.155474 -0.910082 -0.384160
-0.260205 -0.964888 -0.035846
-0.267910 -0.963419 -0.006987
0.185864 -0.978681 0.087398
0.068141 -0.996093 0.056174
0.332350 -0.903657 0.270089
-0.240302 -0.871926 0.426615
0.122653 -0.964844 -0.232447
0.425241 -0.897726 -0.115145
0.324426 -0.925088 0.197384
0.074445 -0.997003 0.021034
-0.353338 -0.929079 -0.109383
0.237055 -0.957111 -0.166565
0.203308 -0.954844 -0.216655
-0.213914 -0.919366 0.330162
-0.081684 -0.929798 0.358893
0.339086 -0.866850 -0.365503
-0.332118 -0.939416 -0.084822
0.240873 -0.924673 -0.294889
0.351880 -0.899140 0.260246
-0.466418 -0.878015 -0.107448
0.030742 -0.886707 0.461309
0.310206 -0.937615 -0.157005
-0.225262 -0.974279 0.006174
-0.449657 -0.865432 0.220990
-0.298170 -0.938856 0.172175
0.398003 -0.898130 -0.186967
0.153457 -0.951460 -0.266786
-0.445313 -0.877809 -0.176486
-0.068567 -0.928901 0.363925
0.051199 -0.998688 -0.001235
-0.358147 -0.852873 -0.379918
0.050694 -0.992797 -0.108560
-0.363085 -0.875561 0.318688
0.116969 -0.934430 -0.336390
0.306577 -0.927572 -0.213590
-0.312334 -0.854717 0.414616
-0.047433 -0.940628 0.336108
0.456418 -0.880531 0.127861
-0.514600 -0.856546 0.038925
0.310197 -0.934346 -0.175427
-0.095973 -0.977114 0.189838
-0.216611 -0.894263 -0.391630
0.393692 -0.908137 0.142453
-0.115401 -0.935963 0.332651
0.030451 -0.853888 -0.519565
-0.027651 -0.857310 0.514057
-0.056264 -0.870922 -0.488190
-0.242316 -0.969774 -0.028664
-0.155267 -0.938783 -0.307536
-0.195463 -0.948324 -0.249950
-0.119794 -0.948064 0.294658
-0.007746 -0.917118 0.398541
-0.388169 -0.911038 0.139052
0.381560 -0.906921 0.178622
-0.245263 -0.931970 0.266979
-0.276716 -0.860294 -0.428161
0.054690 -0.853967 0.517445
0.026576 -0.914350 -0.404052
0.098388 -0.883420 -0.458136
0.338621 -0.908283 0.245679
0.015718 -0.965963 -0.258201
-0.375342 -0.923140 -0.083257
0.378561 -0.914583 -0.142232
0.200480 -0.969519 -0.140857
-0.137935 -0.965646 0.220233
-0.188517 -0.960860 0.203002
-0.168055 -0.985664 -0.014980
-0.247258 -0.888116 -0.387444
0.145660 -0.981859 0.121393
-0.440073 -0.882090 -0.168086
0.076533 -0.923440 0.376034
0.295949 -0.888140 0.351600
0.040009 -0.891628 0.450997
-0.328966 -0.882229 0.336828
0.506613 -0.852875 0.126283
-0.465259 -0.883252 -0.058313
-0.078823 -0.993865 -0.077585
-0.357038 -0.921957 -0.150067
0.320501 -0.938630 -0.127484
-0.362369 -0.931619 -0.027833
0.400497 -0.896951 -0.187297
0.237364 -0.895788 -0.375795
0.027823 -0.977155 -0.210698
-0.408297 -0.857991 -0.311680
-0.376083 -0.925016 0.053920
0.254408 -0.927676 0.273302
0.160941 -0.947880 0.274993
0.334152 -0.895917 -0.292704
-0.404255 -0.864486 -0.298734
0.178833 -0.933601 -0.310496
-0.082809 -0.914535 -0.395940
-0.359212 -0.858002 0.367149
-0.268384 -0.959522 -0.085365
-0.091307 -0.968333 -0.232366
-0.022974 -0.998206 -0.055293
-0.210417 -0.975436 -0.065181
-0.495510 -0.865167 -0.077177
0.084748 -0.995474 0.043007
-0.139926 -0.979535 0.144676
-0.338194 -0.903472 -0.263367
0.302302 -0.951742 0.052930
0.454750 -0.858127 0.238370
-0.208285 -0.849783 -0.484238
-0.204365 -0.895913 0.394431
0.228415 -0.973248 -0.024808
-0.048719 -0.896082 0.441207
0.044858 -0.864145 0.501240
0.044673 -0.991150 0.125001
0.350211 -0.884530 0.308154
0.005046 -0.895355 -0.445324
-0.357738 -0.932892 0.041673
0.159400 -0.946279 -0.281333
0.367732 -0.893188 -0.258820
0.100696 -0.994362 0.033241
0.492135 -0.863628 0.109318
0.342334 -0.917450 0.202716
-0.010434 -0.984370 0.175804
0.015797 -0.969721 0.243703
0.327880 -0.940122 0.093084
-0.018773 -0.854944 0.518380
0.039966 -0.996728 0.070253
-0.090846 -0.961816 -0.258180
-0.222580 -0.936128 0.272253
-0.200993 -0.941866 0.269239
0.460307 -0.858140 -0.227406
-0.093243 -0.943351 -0.318426
0.096372 -0.975122 -0.199626
-0.506891 -0.851801 0.132277
0.050770 -0.983480 0.173751
0.119713 -0.965244 0.232319
0.456274 -0.864852 -0.209392
0.063339 -0.989024 0.133492
-0.083147 -0.995866 0.036570
-0.506461 -0.858515 -0.080311
-0.434756 -0.896689 0.083286
-0.271787 -0.957536 0.096214
-0.088191 -0.925547 0.368220
0.060483 -0.935034 0.349361
-0.419299 -0.905057 -0.071134
0.193234 -0.980531 -0.034933
0.411805 -0.849918 0.328719
-0.075809 -0.913034 0.400777
0.368457 -0.855519 0.363767
-0.031383 -0.997615 0.061471
0.430190 -0.897152 0.100270
-0.371260 -0.928528 -0.001145
0.069281 -0.907617 -0.414043
-0.216398 -0.972973 -0.080592
0.132403 -0.980799 -0.143186
-0.519412 -0.853684 0.037869
-0.225701 -0.974127 0.011654
-0.409180 -0.879090 0.244483
-0.025970 -0.960356 -0.277563
-0.072545 -0.963167 -0.258932
-0.059693 -0.900923 -0.429855
-0.102803 -0.967356 -0.231634
-0.013271 -0.974009 -0.226119
-0.011539 -0.999138 -0.039880
0.187181 -0.878676 -0.439195
-0.264707 -0.869599 -0.416806
-0.197871 -0.972853 -0.120020
-0.259112 -0.954089 0.150250
0.014918 -0.961037 -0.276018
-0.282274 -0.944231 -0.169557
-0.171876 -0.985103 0.005634
0.282679 -0.885611 0.368490
-0.183860 -0.897824 0.400135
-0.194722 -0.971525 0.134989
0.017581 -0.981790 0.189152
-0.186351 -0.959267 -0.212323
0.402436 -0.871654 0.279759
0.372453 -0.859662 0.349656
0.033819 -0.951588 -0.305512
0.174263 -0.925972 0.334976
-0.389382 -0.863023 -0.321827
-0.284134 -0.898502 -0.334606
-0.034852 -0.998928 0.030459
0.320549 -0.882842 -0.343277
0.341110 -0.936218 0.084497
-0.069933 -0.938100 0.339231
0.394681 -0.852853 0.341860
-0.310323 -0.917903 -0.247292
0.057356 -0.919233 -0.389514
-0.168792 -0.982328 0.080879
-0.212260 -0.911643 0.351926
-0.017805 -0.983656 -0.179175
-0.362578 -0.922718 -0.130880
-0.205718 -0.973330 0.101532
0.279300 -0.927079 0.250033
0.260817 -0.956714 0.129125
-0.183089 -0.921069 -0.343672
0.134788 -0.988916 -0.062266
0.102511 -0.982619 0.154765
-0.049199 -0.943842 0.326714
0.090014 -0.927314 0.363300
0.118812 -0.934004 -0.336927
0.065785 -0.979233 -0.191768
-0.038318 -0.920900 -0.387911
-0.277313 -0.852720 -0.442681
-0.492177 -0.870054 -0.027689
0.042952 -0.961813 0.270317
0.287770 -0.880411 -0.376915
0.268016 -0.909096 0.318924
0.054185 -0.910089 -0.410855
0.199649 -0.885812 0.418901
-0.084894 -0.984047 -0.156345
-0.135057 -0.975708 -0.172491
-0.287357 -0.957562 -0.022378
0.063120 -0.870331 -0.488405
-0.156727 -0.921621 -0.355038
-0.246000 -0.877348 0.412001
-0.014950 -0.993494 -0.112900
-0.495030 -0.852519 0.167798
0.215803 -0.976428 0.004071
0.252901 -0.967386 -0.014331
-0.248986 -0.964390 0.089204
-0.213141 -0.912302 -0.349680
-0.085388 -0.977448 0.193141
0.279485 -0.901305 0.330964
0.102223 -0.852778 -0.512172
-0.224182 -0.951420 -0.211053
-0.366546 -0.848561 0.381561
-0.274167 -0.874649 -0.399777
0.159481 -0.961011 0.225883
0.374963 -0.909292 0.180527
0.498532 -0.854193 0.147716
0.183391 -0.977868 -0.100709
0.220646 -0.973071 -0.066696
-0.034335 -0.896231 0.442256
0.224982 -0.867562 0.443531
-0.286480 -0.946015 0.151610
0.368993 -0.897464 -0.241667
0.114279 -0.990507 -0.076390
-0.164664 -0.904585 0.393207
0.422492 -0.904839 0.052592
0.499951 -0.848423 0.173859
0.016619 -0.981635 0.190042
-0.092221 -0.984275 0.150656
-0.093691 -0.917870 0.385664
0.237131 -0.971459 -0.005933
-0.410764 -0.894369 0.177136
-0.096807 -0.972583 0.211450
0.200174 -0.876850 -0.437110
-0.393101 -0.876646 -0.277424
0.305886 -0.951957 -0.014558
0.403062 -0.893778 0.196726
-0.063912 -0.886908 0.457503
-0.216037 -0.956428 0.196401
0.301879 -0.951791 -0.054434
0.023749 -0.900916 0.433343
-0.079050 -0.990494 -0.112575
-0.291394 -0.956506 0.013656
0.243658 -0.965579 -0.091041
-0.298890 -0.933564 -0.197798
-0.091003 -0.913111 -0.397425
0.186745 -0.880652 0.435406
0.463258 -0.855134 -0.232675
0.388292 -0.920789 -0.037117
0.482339 -0.875814 0.017291
-0.156997 -0.971133 0.179588
-0.477317 -0.873967 0.091382
-0.216776 -0.975052 -0.047776
-0.332362 -0.880558 -0.337866
-0.477721 -0.876903 0.053147
0.481788 -0.856528 0.185039
0.056627 -0.930161 0.362758
-0.113732 -0.908551 -0.401994
-0.527814 -0.848948 0.026463
-0.087056 -0.902551 -0.421692
-0.422001 -0.899639 -0.112091
0.171937 -0.977283 -0.123919
-0.371108 -0.892483 0.256423
0.128284 -0.991631 0.014515
-0.037871 -0.994318 -0.099486
0.327724 -0.902116 -0.280685
0.514119 -0.854567 -0.073465
0.307794 -0.946202 -0.099822
0.388966 -0.921204 0.009421
0.316583 -0.871330 0.374912
0.251910 -0.931950 -0.260789
-0.282177 -0.886393 -0.366992
0.179409 -0.976559 0.118936
0.075370 -0.863223 -0.499164
0.109740 -0.993931 0.007677
0.418146 -0.904883 0.079627
0.049141 -0.924416 0.378206
0.222791 -0.972894 -0.061986
0.243961 -0.955317 -0.166893
-0.088857 -0.954946 -0.283165
0.305448 -0.900205 0.310375
-0.304275 -0.894093 -0.328655
0.433645 -0.892620 -0.123209
0.182824 -0.912443 0.366092
-0.335531 -0.938321 -0.083498
0.257834 -0.941208 -0.218287
-0.095828 -0.992182 -0.079944
-0.142397 -0.944348 -0.296531
0.070595 -0.879638 0.470376
-0.152905 -0.980025 -0.127165
-0.151113 -0.958382 0.242219
0.365391 -0.910542 -0.193398
-0.164579 -0.961771 0.218882
-0.022166 -0.999747 -0.003751
-0.017051 -0.999420 0.029462
0.393838 -0.881344 -0.261006
0.296846 -0.937850 0.179779
-0.341588 -0.919422 0.194886
0.166193 -0.904441 -0.392894
-0.162009 -0.975743 0.147238
0.443981 -0.895841 -0.018710
-0.204501 -0.948515 -0.241864
-0.195514 -0.908543 0.369220
0.251578 -0.957103 0.143747
0.507503 -0.860896 -0.036042
-0.112133 -0.929706 0.350818
0.393272 -0.915619 -0.083543
-0.116333 -0.895793 0.428977
0.077080 -0.956610 0.280990
0.078476 -0.874516 -0.478605
0.264614 -0.958435 0.106688
0.048254 -0.941947 0.332275
0.020473 -0.999665 -0.015824
-0.409919 -0.902741 0.130481
0.182642 -0.905160 -0.383832
-0.397851 -0.914829 -0.069304
-0.198658 -0.957065 -0.211096
-0.033628 -0.999008 -0.029180
-0.044639 -0.939412 0.339872
0.222876 -0.875726 0.428288
0.126332 -0.858485 -0.497034
0.370276 -0.926287 0.069923
0.056593 -0.956366 0.286639
0.415253 -0.907802 -0.058830
-0.415920 -0.907679 0.055948
0.251974 -0.966674 -0.045275
-0.342596 -0.938946 0.031755
-0.222828 -0.865804 0.448031
0.003522 -0.979563 -0.201107
0.472742 -0.881074 0.014938
0.357855 -0.931656 0.062894
-0.189763 -0.949613 -0.249451
-0.088324 -0.900553 0.425681
0.001800 -0.950352 -0.311171
-0.258235 -0.939397 -0.225493
0.152982 -0.975165 0.160157
-0.290753 -0.877891 0.380486
0.337348 -0.933842 0.118893
0.460516 -0.886714 0.040777
-0.192044 -0.912454 0.361313
-0.147637 -0.922655 -0.356246
-0.265769 -0.858747 0.438087
-0.380704 -0.924557 0.016087
-0.445096 -0.886741 -0.124824
0.027961 -0.872988 0.486939
0.235144 -0.954556 0.183111
-0.010683 -0.937430 -0.348010
-0.450053 -0.878058 0.162688
0.216800 -0.877530 -0.427714
0.112116 -0.910800 0.397332
-0.150329 -0.892015 -0.426274
0.296975 -0.882874 0.363784
-0.055486 -0.988198 0.142778
-0.313968 -0.855869 0.410989
-0.205835 -0.967677 0.145713
-0.040584 -0.984890 0.168356
0.179567 -0.961353 -0.208699
0.037166 -0.884244 0.465543
0.018968 -0.999800 0.006394
0.302751 -0.947296 -0.104748
0.419813 -0.876153 -0.236881
0.173566 -0.907335 0.382907
-0.247965 -0.957300 -0.148626
-0.447299 -0.891435 -0.072580
0.328805 -0.882998 0.334965
0.066742 -0.945791 -0.317845
0.045011 -0.998301 0.037004
-0.240603 -0.940818 0.238688
0.274383 -0.950953 -0.142836
0.137640 -0.848468 -0.511036
0.071884 -0.996694 -0.037869
0.310852 -0.890493 -0.332254
0.274889 -0.961018 0.029691
-0.330799 -0.866505 0.373820
0.342185 -0.887623 -0.308277
0.176729 -0.950938 0.253936
0.123945 -0.903791 -0.409633
0.433593 -0.850027 0.299084
-0.222101 -0.931747 0.287262
0.420672 -0.861151 0.285402
0.205489 -0.941445 -0.267310
-0.177718 -0.957388 0.227651
-0.412086 -0.908387 0.070838
0.193577 -0.940417 0.279541
-0.248395 -0.963651 -0.098371
0.205507 -0.965821 0.157976
0.392227 -0.915111 -0.093430
-0.038166 -0.938061 -0.344362
-0.281124 -0.924127 0.258765
0.312602 -0.858917 -0.405637
0.038408 -0.861161 0.506879
0.514284 -0.850107 0.113265
0.511406 -0.859055 0.022093
0.269991 -0.905615 -0.327058
0.455813 -0.865025 0.209680
0.126002 -0.985091 -0.117130
-0.221860 -0.974853 -0.020952
0.349297 -0.880860 -0.319496
-0.282219 -0.848645 -0.447386
0.480758 -0.876835 -0.005683
0.022700 -0.971707 -0.235095
-0.162827 -0.927108 -0.337576
0.216860 -0.932956 -0.287340
0.329861 -0.849049 -0.412683
-0.375718 -0.921634 -0.097095
-0.330480 -0.931205 -0.153752
0.096593 -0.967839 -0.232289
0.294984 -0.953443 0.062694
-0.219623 -0.897962 -0.381352
-0.294960 -0.892097 -0.342290
-0.081626 -0.945207 0.316103
-0.500179 -0.865219 0.034880
-0.363878 -0.897347 0.249723
-0.258889 -0.891414 0.371964
0.055621 -0.998438 -0.005206
-0.114523 -0.990819 -0.071843
0.431262 -0.887139 0.164309
0.228406 -0.882685 0.410728
0.392447 -0.866749 0.307784
0.422324 -0.906443 0.002012
0.335588 -0.929274 -0.154372
-0.216395 -0.953124 0.211491
0.303837 -0.911910 -0.275866
-0.374936 -0.872299 0.313874
0.292585 -0.955899 0.025532
-0.326077 -0.902352 0.281841
-0.074668 -0.929031 -0.362390
-0.324205 -0.937114 -0.129259
0.293617 -0.943640 0.152750
-0.168072 -0.944569 0.282030
-0.283444 -0.956348 -0.071125
-0.223257 -0.969559 0.100553
-0.379438 -0.860906 -0.338922
-0.047542 -0.934975 0.351514
0.429165 -0.892341 -0.139799
0.036419 -0.894695 0.445191
-0.217045 -0.940870 0.260108
0.346140 -0.896417 0.276809
-0.021899 -0.924687 -0.380099
-0.509474 -0.855533 0.092192
0.369304 -0.867463 0.333350
-0.182285 -0.982775 -0.030406
-0.181119 -0.966919 0.179620
0.203900 -0.899020 -0.387540
-0.394400 -0.853554 -0.340433
-0.121900 -0.971195 0.204747
-0.428632 -0.892489 -0.140490
-0.026782 -0.999258 0.027673
-0.040419 -0.999088 0.013743
-0.053812 -0.984669 -0.165928
0.422542 -0.853093 0.306091
-0.437694 -0.861595 -0.257056
-0.265742 -0.961433 -0.070906
-0.221151 -0.966488 -0.130356
0.336662 -0.859635 0.384301
-0.248826 -0.885023 0.393471
0.103716 -0.889876 0.444257
0.260517 -0.877958 0.401647
-0.297219 -0.938752 -0.174371
0.082546 -0.946154 0.313016
-0.192174 -0.974503 -0.115818
0.387737 -0.881992 0.267861
-0.040950 -0.978007 0.204513
0.441864 -0.875045 0.197620
0.005140 -0.974891 0.222625
-0.053711 -0.872447 -0.485749
0.441499 -0.873446 0.205355
-0.132033 -0.953902 -0.269514
-0.431333 -0.870920 -0.235479
0.250274 -0.916281 -0.312716
-0.119615 -0.981393 0.150198
0.239159 -0.942534 0.233309
0.017089 -0.994844 -0.099966
-0.292219 -0.955728 -0.034536
0.335487 -0.911566 0.237687
-0.254706 -0.891177 -0.375404
0.128327 -0.952493 0.276206
-0.025703 -0.908824 -0.416387
0.413685 -0.910395 0.006809
-0.000779 -0.995787 -0.091688
-0.187205 -0.941573 0.279992
0.058637 -0.971943 0.227789
-0.293556 -0.903229 -0.313052
0.244912 -0.908470 -0.338675
0.365136 -0.868111 -0.336243
0.021010 -0.998376 -0.052946
-0.382716 -0.866777 -0.319728
-0.207452 -0.890885 -0.404088
0.169786 -0.984090 -0.052334
-0.205183 -0.968489 0.141168
-0.162060 -0.983360 0.082096
0.122152 -0.989022 0.083155
-0.079122 -0.928947 -0.361659
0.100709 -0.984139 0.146043
0.070653 -0.996959 0.032876
0.130539 -0.990872 -0.033644
-0.430502 -0.901690 -0.040287
0.247030 -0.967927 0.045744
0.092244 -0.910327 0.403479
0.221221 -0.964413 0.144805
-0.128913 -0.900244 -0.415863
0.261284 -0.939628 0.220976
-0.099604 -0.853587 0.511339
0.465171 -0.852327 -0.239070
-0.122198 -0.926016 -0.357159
0.214451 -0.865984 0.451754
0.226595 -0.930945 0.286351
0.191660 -0.859060 -0.474640
-0.383862 -0.906024 0.178243
0.016392 -0.949812 0.312391
0.012173 -0.963613 -0.267023
0.146708 -0.874438 0.462424
0.458030 -0.876929 -0.145616
-0.333001 -0.942671 -0.021960
-0.349640 -0.934546 -0.066151
0.270806 -0.893297 0.358726
0.276822 -0.940299 -0.198011
0.079750 -0.907934 0.411457
-0.278237 -0.929147 -0.243456
0.255741 -0.852557 -0.455789
-0.149146 -0.985165 -0.084878
-0.169474 -0.902302 0.396397
-0.273043 -0.949233 0.156215
-0.160572 -0.983832 0.079312
0.100875 -0.986326 0.130324
-0.009720 -0.901691 0.432271
-0.406628 -0.867582 -0.286277
-0.378846 -0.889445 0.255662
0.327184 -0.944464 0.030636
0.019417 -0.997581 0.066753
-0.183693 -0.978459 -0.094206
0.114774 -0.975224 0.189115
0.189214 -0.909426 -0.370327
0.148265 -0.941918 0.301343
-0.159356 -0.984023 0.079405
0.093655 -0.993881 0.058565
0.364190 -0.876808 0.313963
-0.096268 -0.862793 -0.496307
-0.161554 -0.863944 -0.476970
-0.215181 -0.963658 0.158305
-0.357232 -0.924768 -0.131109
0.282487 -0.901211 0.328665
-0.212204 -0.865607 -0.453535
-0.223844 -0.932604 0.283097
-0.038956 -0.927626 -0.371473
0.285416 -0.956504 -0.060323
0.391883 -0.850248 0.351435
0.346214 -0.918856 0.189315
-0.018280 -0.938353 -0.345195
-0.172750 -0.924835 -0.338877
-0.414483 -0.903606 -0.108163
-0.123485 -0.906770 0.403138
-0.175002 -0.971290 -0.161153
-0.076666 -0.920964 0.382030
-0.421072 -0.905831 0.046563
0.090915 -0.995388 0.030613
-0.351958 -0.930557 0.100942
0.086930 -0.974356 0.207542
0.044081 -0.857047 -0.513348
0.020041 -0.972185 0.233354
0.420006 -0.904759 -0.070751
0.161110 -0.926915 -0.338928
-0.309167 -0.949502 -0.053500
-0.045107 -0.975953 -0.213264
-0.329219 -0.895501 -0.299487
-0.124098 -0.900965 0.415766
-0.021436 -0.999761 0.004182
-0.350856 -0.936107 -0.024568
-0.403121 -0.898875 0.171805
-0.053104 -0.914108 0.401978
0.162281 -0.968516 -0.188788
0.091791 -0.939813 0.329129
0.521960 -0.848963 0.082579
-0.421631 -0.890101 0.173054
-0.457839 -0.874339 -0.160978
-0.336816 -0.940881 -0.036040
0.042364 -0.993754 -0.103235
-0.398786 -0.855751 0.329636
-0.455876 -0.109805 0.883244
-0.064881 -0.519200 0.852186
0.458363 -0.109769 0.881961
0.002642 0.119448 0.992837
-0.010494 0.518419 0.855063
-0.218023 0.328179 0.919111
0.107063 -0.471101 0.875558
0.156183 0.344820 0.925584
0.410836 -0.303952 0.859551
-0.324209 0.392657 0.860644
0.133407 -0.445188 0.885443
-0.230905 0.283300 0.930819
0.017883 -0.013593 0.999748
-0.035322 0.412541 0.910254
0.022248 -0.426187 0.904361
0.029333 0.212051 0.976818
0.078417 0.323970 0.942812
0.215956 0.014511 0.976295
-0.309825 -0.289840 0.905539
-0.276167 0.301833 0.912485
-0.400182 0.136027 0.906284
0.223142 0.131837 0.965830
-0.249183 -0.024211 0.968154
-0.285774 0.036156 0.957615
-0.298946 0.238697 0.923935
-0.330326 -0.357513 0.873538
0.043680 -0.247763 0.967836
-0.358794 -0.129933 0.924329
-0.074942 -0.279718 0.957153
-0.117962 0.236784 0.964375
-0.287428 0.402838 0.868969
0.503505 0.047347 0.862694
-0.275543 0.158827 0.948077
-0.367307 -0.110250 0.923542
-0.103868 0.325377 0.939862
-0.398399 -0.017090 0.917053
-0.077731 0.063469 0.994952
-0.136148 -0.363014 0.921784
0.309559 -0.422868 0.851678
-0.236815 0.001719 0.971553
-0.232942 -0.109166 0.966344
-0.045983 -0.501798 0.863762
-0.073698 0.140293 0.987363
0.286994 0.357455 0.888741
-0.146699 0.464727 0.873217
0.192112 0.433489 0.880443
0.215836 -0.244319 0.945369
-0.254666 0.403666 0.878748
0.133517 -0.123087 0.983373
-0.192389 -0.466556 0.863314
-0.258824 0.349289 0.900560
-0.449443 -0.041741 0.892333
-0.350031 0.278234 0.894463
-0.079425 0.303350 0.949563
0.363485 -0.372763 0.853772
-0.239521 -0.281021 0.929331
0.376306 0.031652 0.925954
0.197064 0.202758 0.959195
-0.371963 -0.067722 0.925774
0.194705 0.104061 0.975326
0.518316 0.094868 0.849911
-0.433930 0.180119 0.882758
0.128700 -0.213234 0.968487
-0.056160 -0.296647 0.953335
-0.345042 -0.328981 0.879044
-0.087037 -0.241732 0.966432
0.239575 0.170282 0.955828
-0.446498 0.142056 0.883436
-0.101351 -0.117584 0.987877
-0.087268 -0.247517 0.964945
-0.090583 0.490214 0.866882
-0.327732 0.329681 0.885382
0.299532 0.431054 0.851160
-0.025335 0.219124 0.975368
-0.221254 0.464375 0.857556
0.059439 -0.445834 0.893140
-0.298158 0.340836 0.891590
-0.247497 -0.178118 0.952376
0.175900 0.202499 0.963355
-0.007142 -0.451398 0.892294
0.465561 0.051110 0.883539
-0.351724 0.094328 0.931339
-0.217696 0.030907 0.975527
-0.138514 -0.254397 0.957129
-0.374881 -0.329446 0.866562
0.151294 -0.112957 0.982014
0.195249 0.442045 0.875485
0.017750 -0.320118 0.947211
-0.042388 0.353936 0.934308
-0.285420 -0.090426 0.954127
0.254423 0.250415 0.934110
0.325478 -0.044623 0.944496
-0.430740 -0.073544 0.899475
-0.513736 0.080635 0.854150
-0.160645 -0.269219 0.949586
0.063001 0.346203 0.936042
-0.402551 0.322690 0.856635
0.029232 -0.439053 0.897986
0.042085 -0.060094 0.997305
0.365451 0.168929 0.915373
0.355469 -0.043336 0.933683
0.023018 -0.520084 0.853805
0.261930 0.014962 0.964971
-0.252301 0.017614 0.967489
-0.446060 -0.271694 0.852768
0.234065 -0.262663 0.936067
-0.412457 0.045293 0.909850
0.294941 0.319827 0.900400
-0.018194 0.110401 0.993721
-0.426325 -0.307546 0.850683
0.271527 -0.418355 0.866748
-0.211560 -0.296510 0.931303
-0.210993 0.254828 0.943687
-0.296995 0.115425 0.947877
-0.086148 -0.076400 0.993349
-0.149332 0.314975 0.937279
0.389599 -0.099381 0.915607
0.342181 -0.124801 0.931309
0.046670 0.250271 0.967050
-0.000027 0.418042 0.908427
-0.285150 0.133073 0.949200
0.228033 0.211661 0.950369
0.263014 0.060426 0.962898
0.326604 0.027005 0.944776
-0.030799 -0.102557 0.994250
-0.026506 0.364627 0.930777
-0.412648 0.245778 0.877106
0.151609 -0.008264 0.988406
0.420125 0.301497 0.855917
-0.128699 -0.117134 0.984742
-0.046384 0.131266 0.990262
-0.049592 0.480282 0.875711
0.219356 0.196247 0.955704
0.252039 -0.439923 0.861942
0.108056 -0.096353 0.989465
-0.153036 0.177219 0.972200
-0.123676 -0.048443 0.991140
0.015663 -0.364783 0.930961
0.361981 0.024833 0.931855
0.449043 -0.244114 0.859517
0.014086 0.143423 0.989561
-0.324251 0.132242 0.936682
0.152134 -0.481014 0.863412
-0.118675 -0.490101 0.863549
0.300772 0.191642 0.934243
0.366080 0.107640 0.924337
0.344173 -0.177046 0.922063
0.380868 0.064996 0.922342
0.131563 0.092391 0.986993
-0.390994 0.085713 0.916393
0.334648 0.139567 0.931951
0.435799 -0.216345 0.873656
0.039657 0.204603 0.978041
0.077891 -0.457752 0.885661
0.222784 0.341491 0.913100
-0.223641 0.123848 0.966771
0.412744 -0.067140 0.908369
0.191267 0.287764 0.938408
-0.075840 0.426376 0.901361
0.180547 0.369194 0.911646
-0.264058 0.146733 0.953280
0.138892 -0.403218 0.904502
0.199883 -0.291893 0.935331
0.230690 -0.426596 0.874527
0.207734 -0.031217 0.977687
0.066187 0.285530 0.956082
-0.156792 0.179968 0.971096
-0.327020 0.067136 0.942630
0.349132 0.157637 0.923719
-0.172217 0.043108 0.984115
0.420189 0.004322 0.907426
0.093210 -0.148674 0.984484
0.044352 0.260561 0.964438
0.007741 0.039403 0.999193
-0.061093 -0.246666 0.967173
-0.278352 -0.033915 0.959880
0.165790 0.280992 0.945282
-0.021514 -0.255843 0.966479
0.034858 -0.144043 0.988957
0.376731 -0.321417 0.868772
0.206251 -0.465311 0.860783
-0.266778 0.206688 0.941334
0.182412 0.373531 0.909506
-0.072592 -0.467974 0.880756
-0.316381 -0.317185 0.894034
0.192741 -0.166549 0.967012
-0.073984 0.324291 0.943060
0.209405 -0.361924 0.908383
0.017244 0.313535 0.949420
-0.428962 0.196959 0.881589
0.070060 0.471090 0.879298
0.121068 -0.316707 0.940765
0.261677 -0.446761 0.855529
0.164551 -0.047576 0.985220
-0.405558 -0.102281 0.908329
0.370815 -0.189599 0.909147
0.380864 -0.212543 0.899871
0.008991 0.426669 0.904363
-0.100398 0.165283 0.981123
-0.012198 -0.375260 0.926839
0.073632 -0.077744 0.994251
0.001823 0.461347 0.887218
-0.404225 -0.231689 0.884829
-0.208686 0.210866 0.954979
-0.378061 -0.110932 0.919110
0.257894 0.095106 0.961481
-0.189897 -0.160838 0.968540
-0.299531 -0.075228 0.951116
0.197529 0.338392 0.920040
0.411201 -0.206376 0.887876
-0.149151 -0.232590 0.961070
0.350776 -0.341405 0.872009
0.170560 -0.446230 0.878515
-0.125109 0.275284 0.953187
-0.060877 -0.059865 0.996348
-0.145937 -0.019157 0.989108
-0.226128 -0.226020 0.947513
-0.269157 0.210161 0.939887
-0.175700 0.446569 0.877328
-0.269595 0.035053 0.962336
-0.028188 -0.301972 0.952900
0.205446 0.433787 0.877280
0.040064 0.126823 0.991116
0.351773 0.389866 0.851035
-0.048757 0.059475 0.997038
-0.264255 0.267681 0.926562
0.031594 0.293069 0.955569
-0.041581 0.498968 0.865622
0.114433 -0.405340 0.906976
-0.486905 0.146909 0.861012
0.218922 -0.088432 0.971727
0.292635 -0.109891 0.949889
-0.297669 0.330937 0.895474
-0.210159 0.216865 0.953312
-0.397803 0.177564 0.900124
-0.222036 -0.177598 0.958728
0.188646 -0.400711 0.896573
-0.128480 0.391897 0.910994
-0.249532 -0.355919 0.900586
-0.411691 -0.324563 0.851569
0.365958 0.124884 0.922214
0.378945 0.309604 0.872093
0.098309 0.442470 0.891378
0.240107 0.452052 0.859068
0.202114 0.351647 0.914054
-0.088324 0.195679 0.976682
0.297649 -0.302159 0.905596
-0.123711 0.319855 0.939355
0.394482 0.105477 0.912830
0.284070 -0.083104 0.955195
-0.078397 -0.234237 0.969013
0.494131 0.158493 0.854818
-0.186450 -0.445191 0.875809
0.236032 -0.005452 0.971730
-0.469172 0.133632 0.872938
-0.248895 -0.412221 0.876428
-0.422929 -0.015181 0.906036
-0.202261 0.378418 0.903266
-0.248621 -0.164963 0.954450
-0.148269 -0.431390 0.889898
-0.109347 0.087732 0.990124
0.106011 -0.274945 0.955598
0.307145 -0.340673 0.888596
0.401416 0.301694 0.864781
-0.188324 -0.135057 0.972776
0.356358 0.207880 0.910931
0.170673 0.079103 0.982147
-0.128017 -0.244562 0.961146
-0.326865 -0.075429 0.942056
-0.290371 -0.364860 0.884625
0.259199 -0.055106 0.964251
-0.279813 0.386125 0.878984
0.001238 -0.135092 0.990832
-0.072753 -0.129553 0.988900
-0.082913 0.097871 0.991739
0.064358 0.142721 0.987668
-0.118022 -0.481146 0.868660
0.414536 0.073651 0.907048
-0.269210 -0.258725 0.927679
0.277920 -0.032561 0.960052
0.152281 0.252868 0.955441
0.010057 -0.469832 0.882699
0.009040 -0.101904 0.994753
0.351581 -0.365362 0.861917
0.440946 -0.073199 0.894544
0.409339 -0.303364 0.860472
0.135395 -0.475867 0.869033
-0.338150 0.067413 0.938675
0.404222 -0.156467 0.901179
-0.072893 -0.098147 0.992499
0.226358 0.135418 0.964585
-0.304336 0.415868 0.856991
-0.154884 -0.415078 0.896505
0.475343 0.090862 0.875096
0.180899 -0.264781 0.947189
0.079084 -0.229855 0.970006
-0.340966 0.278596 0.897845
-0.443495 0.088696 0.891877
0.279731 -0.234888 0.930902
0.138456 0.336808 0.931338
0.258553 -0.090961 0.961705
-0.132513 0.042199 0.990283
-0.035274 0.213807 0.976239
-0.146303 -0.492531 0.857910
-0.474290 -0.089844 0.875772
0.269036 -0.399814 0.876224
0.095161 0.447129 0.889393
0.169841 0.361152 0.916909
-0.200629 -0.475688 0.856428
0.172209 -0.440423 0.881119
0.178738 -0.343969 0.921812
-0.480156 0.215944 0.850187
-0.088345 -0.173724 0.980824
-0.427157 0.264684 0.864569
-0.198527 0.117521 0.973024
-0.148942 0.488378 0.859827
0.398998 0.007615 0.916920
-0.319320 -0.365133 0.874479
-0.146019 0.354465 0.923598
0.033278 0.313493 0.949007
-0.020491 -0.436677 0.899385
0.086382 -0.461933 0.882698
0.194721 0.391996 0.899123
0.327467 0.055682 0.943220
-0.053488 0.442308 0.895267
0.105489 -0.401492 0.909767
-0.224918 0.104298 0.968780
0.505177 -0.151272 0.849655
0.099616 0.461655 0.881448
0.095673 0.512758 0.853186
-0.069322 -0.378275 0.923094
0.240984 -0.261257 0.934704
0.500625 0.044240 0.864533
0.067310 -0.014309 0.997629
0.050203 0.494219 0.867887
0.469695 -0.214985 0.856252
0.311812 -0.303969 0.900209
0.033602 -0.490978 0.870524
-0.093328 -0.113698 0.989122
-0.144897 0.412270 0.899466
0.333090 -0.404699 0.851628
0.282256 -0.260916 0.923176
0.327919 0.058262 0.942908
-0.200674 0.326272 0.923730
-0.368414 0.344318 0.863549
-0.265851 0.367281 0.891307
0.443223 0.217664 0.869583
-0.415071 -0.280397 0.865502
0.244806 -0.140439 0.959347
-0.399704 0.253043 0.881026
0.112819 0.358698 0.926611
0.437688 0.182883 0.880331
-0.052360 0.224212 0.973133
0.149792 0.018560 0.988543
0.007516 -0.316920 0.948422
-0.250389 -0.098769 0.963094
0.197484 -0.072444 0.977626
-0.238584 -0.214684 0.947095
-0.333336 -0.116499 0.935583
0.173802 0.410891 0.894964
-0.178817 -0.270626 0.945931
0.089223 0.131586 0.987281
-0.501201 0.078268 0.861784
-0.141254 0.007869 0.989942
0.392317 0.326870 0.859793
0.154909 0.482782 0.861931
-0.142485 -0.219651 0.965117
-0.304562 -0.260532 0.916169
0.189480 -0.060278 0.980033
0.183958 0.346250 0.919930
-0.133905 -0.100089 0.985927
-0.011925 -0.085542 0.996263
-0.201990 0.200470 0.958651
0.286300 0.073845 0.955290
-0.399186 0.089119 0.912529
0.414469 -0.111997 0.903145
0.495556 0.155950 0.854461
-0.252534 0.134407 0.958207
-0.244061 0.406169 0.880602
-0.276561 -0.342486 0.897896
-0.033734 -0.261323 0.964662
-0.473895 0.200506 0.857450
0.359542 0.360445 0.860703
0.451054 0.030807 0.891965
0.277727 -0.179689 0.943705
-0.296896 0.161755 0.941110
0.256891 0.383269 0.887193
-0.393394 -0.015316 0.919242
-0.221374 0.008281 0.975154
-0.255435 0.202825 0.945312
0.037840 -0.320621 0.946451
0.293021 -0.281891 0.913606
0.325008 -0.231479 0.916944
-0.233878 -0.140390 0.962077
-0.469239 -0.104271 0.876894
-0.423802 0.198126 0.883820
0.155804 -0.348297 0.924345
-0.012127 -0.132892 0.991056
-0.292488 -0.094050 0.951633
-0.285449 -0.217073 0.933487
0.177985 0.155132 0.971728
-0.203964 -0.325603 0.923245
0.108866 -0.329165 0.937976
-0.326094 0.104378 0.939557
0.025127 -0.484169 0.874614
-0.313059 -0.420416 0.851613
0.381967 0.186873 0.905086
-0.216371 -0.304896 0.927482
0.088781 0.250408 0.964061
-0.222286 -0.026900 0.974610
-0.229604 0.448785 0.863640
-0.065083 -0.227423 0.971619
-0.419796 0.261220 0.869216
-0.339626 -0.096465 0.935601
0.098238 -0.457024 0.884013
0.026657 0.073419 0.996945
-0.371532 0.029373 0.927955
-0.199671 0.164411 0.965971
0.367990 -0.271030 0.889453
-0.023694 0.494298 0.868970
-0.117400 0.325539 0.938212
-0.271064 0.398462 0.876215
0.068645 -0.449317 0.890731
-0.008872 -0.231156 0.972876
-0.151223 0.478348 0.865052
-0.135843 -0.343218 0.929381
-0.405591 -0.112647 0.907087
0.473550 0.015303 0.880634
-0.125445 0.104738 0.986556
0.310214 0.037804 0.949915
0.131502 -0.388073 0.912199
-0.118255 -0.006057 0.992965
-0.188956 -0.121487 0.974442
0.253849 -0.291797 0.922180
0.280129 0.393870 0.875440
-0.311193 0.050698 0.948994
0.097611 0.167404 0.981044
-0.249137 -0.456345 0.854213
-0.478846 -0.190749 0.856925
0.273400 -0.359118 0.892349
0.007944 0.082100 0.996592
-0.370810 0.224819 0.901086
-0.242362 0.261963 0.934150
0.176342 -0.371307 0.911611
-0.283174 0.283030 0.916355
-0.233552 -0.359803 0.903325
-0.376091 0.098182 0.921366
-0.374402 0.230575 0.898142
0.177920 -0.120473 0.976643
0.313208 0.397138 0.862660
-0.471609 0.228676 0.851641
0.101052 -0.024682 0.994575
0.122555 -0.389551 0.912814
0.003223 -0.367797 0.929901
0.128604 0.472985 0.871634
0.322419 -0.360698 0.875182
-0.098790 0.052997 0.993696
0.035834 0.302725 0.952404
0.380414 0.346249 0.857553
0.176702 0.354337 0.918271
0.223944 0.135261 0.965170
-0.155248 -0.463452 0.872416
-0.212230 0.154219 0.964974
0.182252 -0.294690 0.938052
0.515102 -0.029981 0.856604
0.128360 0.391844 0.911033
0.044783 -0.436907 0.898391
0.445884 0.154710 0.881619
0.045090 -0.394117 0.917954
-0.282374 -0.076993 0.956210
0.049600 -0.267597 0.962253
0.424062 -0.091891 0.900959
-0.296723 0.360271 0.884398
-0.005466 -0.429069 0.903255
-0.499850 0.070354 0.863250
0.236926 0.306585 0.921885
0.250163 0.277573 0.927562
0.160408 -0.126803 0.978872
-0.091664 0.198942 0.975715
-0.030336 -0.226264 0.973594
-0.025985 -0.244982 0.969179
0.180602 -0.137108 0.973953
0.103284 -0.013792 0.994556
0.195442 -0.416450 0.887903
-0.093229 -0.483277 0.870489
-0.419307 0.176973 0.890428
-0.244975 -0.007408 0.969501
-0.035490 -0.257436 0.965643
-0.490695 -0.045222 0.870157
0.456031 -0.184640 0.870600
0.270673 -0.074892 0.959754
-0.412496 -0.331866 0.848358
-0.106448 -0.014365 0.994215
-0.370497 0.319996 0.871972
0.144745 0.444474 0.884020
0.116941 -0.172520 0.978040
-0.060890 0.095519 0.993564
0.139487 -0.313444 0.939306
0.075111 0.456650 0.886470
0.391066 0.107899 0.914016
-0.521471 0.030616 0.852720
-0.303141 -0.172189 0.937260
0.410603 0.218800 0.885173
0.025495 -0.019374 0.999487
-0.172056 -0.472314 0.864474
0.055570 0.271596 0.960806
0.264262 -0.394221 0.880202
0.153996 -0.008888 0.988032
0.023214 0.414391 0.909803
0.024234 -0.010872 0.999647
-0.019841 0.378313 0.925465
-0.116688 -0.409207 0.904949
-0.257058 -0.288036 0.922473
-0.300745 -0.164043 0.939491
0.045182 -0.368655 0.928467
0.421754 -0.058635 0.904812
0.069263 0.496086 0.865506
0.237849 -0.144081 0.960556
-0.193912 0.040582 0.980179
0.046021 -0.334243 0.941363
0.407994 0.240235 0.880811
-0.121259 -0.357094 0.926164
-0.211626 0.088408 0.973344
0.485556 -0.145420 0.862026
-0.077007 0.430622 0.899241
0.159247 -0.034979 0.986619
0.153368 -0.345922 0.925644
0.199222 -0.381752 0.902539
0.118173 -0.213198 0.969836
-0.218965 -0.272833 0.936812
-0.445383 0.095500 0.890233
0.134128 0.215430 0.967264
-0.068907 0.123017 0.990009
0.276171 0.025872 0.960760
-0.112947 -0.210752 0.970992
-0.205354 0.468458 0.859289
0.487370 0.027137 0.872774
0.360267 -0.149324 0.920820
-0.008106 -0.513339 0.858148
0.024638 -0.322102 0.946384
0.011067 0.430997 0.902285
0.109781 0.297829 0.948286
0.035587 0.355876 0.933855
0.205050 -0.342273 0.916954
0.477514 -0.228993 0.848259
0.259778 0.222253 0.939744
-0.316736 -0.264528 0.910881
0.141372 -0.484913 0.863060
-0.122455 -0.324274 0.938004
0.316753 -0.211032 0.924734
0.188190 -0.120969 0.974654
-0.119732 -0.051432 0.991473
-0.249883 0.383213 0.889216
0.410832 -0.294194 0.862941
0.041835 0.130981 0.990502
0.191870 0.332728 0.923297
-0.052394 0.126997 0.990518
-0.353209 -0.293427 0.888338
0.367516 -0.263469 0.891917
0.076034 -0.298319 0.951433
-0.382111 -0.327693 0.864065
-0.266813 0.137409 0.953902
-0.236925 0.463320 0.853933
0.282058 -0.362821 0.888147
0.119669 -0.282702 0.951714
-0.122647 -0.139969 0.982531
0.130643 -0.245945 0.960439
-0.326747 -0.055983 0.943452
0.192158 -0.145650 0.970495
-0.495957 0.107425 0.861676
0.171447 0.179122 0.968773
-0.271830 -0.229557 0.934565
-0.498373 0.066102 0.864439
-0.109336 -0.143195 0.983637
-0.165253 0.344511 0.924123
0.032269 -0.331061 0.943057
-0.007976 -0.465616 0.884951
0.019143 0.384834 0.922787
0.421278 0.319990 0.848605
-0.244574 -0.305318 0.920307
0.416418 0.270919 0.867871
-0.468935 -0.170030 0.866712
-0.315418 0.007232 0.948925
0.264485 -0.105125 0.958643
0.091819 -0.470359 0.877686
-0.204418 -0.432950 0.877934
0.344810 -0.022244 0.938409
0.046849 -0.128154 0.990647
0.001651 -0.371557 0.928409
-0.212037 0.044127 0.976265
-0.172052 -0.405094 0.897940
-0.415113 -0.039359 0.908918
-0.300092 -0.378996 0.875390
-0.424566 -0.145874 0.893568
-0.024742 -0.008465 0.999658
0.360875 -0.003009 0.932609
0.245610 -0.230669 0.941524
0.336810 -0.280189 0.898918
0.083276 -0.394973 0.914910
0.322226 0.382371 0.866004
-0.277314 -0.305896 0.910783
-0.234454 0.013154 0.972038
0.308723 -0.012764 0.951066
0.430144 -0.294827 0.853260
-0.360740 0.228776 0.904173
0.148462 0.499579 0.853452
-0.370171 -0.331449 0.867822
0.065856 0.201610 0.977249
-0.055119 0.290165 0.955388
-0.150026 -0.228596 0.961892
0.383199 0.033913 0.923043
-0.087804 -0.123610 0.988439
0.377056 -0.190048 0.906483
0.027155 -0.494740 0.868617
-0.347721 0.072924 0.934758
-0.516066 -0.069466 0.853727
0.040220 0.282440 0.958441
-0.275261 -0.081384 0.957918
0.038436 0.011231 0.999198
-0.225983 0.184030 0.956590
-0.013094 0.223608 0.974591
0.416063 0.099121 0.903917
0.367152 -0.104680 0.924252
0.055722 -0.124281 0.990681
0.028589 -0.229457 0.972899
-0.366729 0.325407 0.871562
-0.399734 -0.203977 0.893648
0.049193 -0.187639 0.981006
-0.238430 0.240150 0.940999
0.171987 -0.196621 0.965277
-0.039371 -0.280105 0.959162
0.120098 -0.272589 0.954605
0.504716 -0.119516 0.854972
0.235270 0.178850 0.955333
0.285866 -0.022634 0.958002
0.331880 -0.197818 0.922347
-0.115698 0.280413 0.952881
0.496069 0.021708 0.868012
0.173968 0.343783 0.922794
-0.130060 0.458782 0.878979
-0.112853 -0.461388 0.879992
-0.086494 -0.088498 0.992314
0.036344 0.400947 0.915380
0.007182 0.116058 0.993216
0.453158 -0.014096 0.891319
-0.329815 -0.046938 0.942878
0.233395 -0.408032 0.882630
0.502153 -0.029133 0.864288
-0.389098 0.249702 0.886708
0.065405 -0.179570 0.981568
-0.082461 0.361645 0.928662
-0.372616 -0.248924 0.893977
-0.313320 0.010694 0.949587
0.218542 -0.187874 0.957571
0.270197 0.040552 0.961951
-0.073201 0.034514 0.996720
0.213765 0.193149 0.957600
0.063191 -0.015305 0.997884
-0.204326 -0.382888 0.900915
0.161196 0.471320 0.867106
-0.077271 0.469998 0.879279
0.422394 -0.218010 0.879804
-0.215441 -0.376994 0.900811
0.174999 0.355025 0.918331
-0.441980 -0.139880 0.886052
0.483080 -0.158902 0.861037
0.185228 0.481662 0.856559
0.169225 0.252088 0.952793
0.216474 -0.128081 0.967850
-0.287908 0.413850 0.863619
0.282055 -0.262130 0.922894
-0.269194 0.300198 0.915104
-0.475662 0.179885 0.861038
0.081788 -0.271466 0.958967
0.341587 0.342923 0.875055
-0.210838 -0.014395 0.977415
0.511811 -0.082954 0.855084
-0.295642 0.062441 0.953256
-0.404701 0.045056 0.913338
0.278096 0.288485 0.916209
0.221895 -0.192036 0.955973
0.329152 0.138066 0.934129
-0.328905 -0.331451 0.884286
0.216584 -0.067140 0.973953
-0.141742 -0.493946 0.857862
0.062608 -0.218594 0.973805
-0.473292 0.122791 0.872306
0.332154 0.061183 0.941239
0.464890 0.116434 0.877679
-0.194859 -0.093761 0.976340
-0.146924 -0.280157 0.948644
-0.478565 -0.112032 0.870876
0.058588 -0.286034 0.956427
-0.313695 -0.125281 0.941223
0.000449 0.403572 0.914948
-0.476848 -0.202595 0.855320
-0.401241 0.047017 0.914765
-0.177689 0.401950 0.898255
0.474733 -0.079612 0.876522
-0.108312 0.191107 0.975575
0.206288 -0.336136 0.918944
0.262263 -0.007613 0.964966
-0.212887 -0.471403 0.855838
0.182418 0.090906 0.979010
-0.078793 0.346685 0.934666
0.053182 0.453163 0.889840
0.034502 -0.437435 0.898588
0.296834 0.173130 0.939103
-0.116641 -0.136710 0.983720
-0.059231 -0.309931 0.948912
-0.165239 0.029329 0.985817
0.466218 0.199993 0.861768
0.228635 -0.370599 0.900213
-0.133396 -0.069001 0.988658
0.332516 0.386440 0.860289
0.416143 -0.054872 0.907642
0.268471 -0.178586 0.946589
-0.244680 0.350849 0.903901
-0.376749 -0.149431 0.914183
0.467379 -0.032068 0.883475
0.144081 -0.079189 0.986392
0.078099 -0.146721 0.986090
0.181041 0.313632 0.932126
0.036929 0.332695 0.942311
0.262910 -0.411144 0.872834
-0.206692 -0.466135 0.860230
0.224963 -0.081359 0.970965
0.260823 -0.423111 0.867726
-0.276199 0.421402 0.863790
0.166906 -0.114961 0.979248
-0.116506 -0.117829 0.986176
-0.020959 -0.395725 0.918130
-0.464976 -0.239438 0.852330
-0.312262 0.080517 0.946578
-0.234108 0.152432 0.960187
-0.457469 -0.245420 0.854688
0.090800 0.458202 0.884198
-0.229430 -0.004570 0.973315
0.152855 0.095741 0.983600
0.239428 0.245631 0.939329
-0.347589 0.225211 0.910199
0.173936 0.071805 0.982136
-0.362141 -0.344208 0.866242
0.239181 0.086739 0.967093
-0.348134 0.058867 0.935595
0.092375 -0.372287 0.923509
0.402628 0.026669 0.914975
-0.064481 0.322807 0.944266
0.439235 -0.092673 0.893579
0.010558 -0.196918 0.980363
0.259560 0.095032 0.961040
0.385145 0.120932 0.914898
-0.085281 -0.364053 0.927466
-0.151206 0.396241 0.905610
-0.418404 -0.291115 0.860343
-0.416633 0.038239 0.908270
-0.099927 -0.202250 0.974223
0.331325 -0.351470 0.875610
0.359636 -0.320011 0.876501
-0.031711 0.447101 0.893921
-0.217302 0.379817 0.899177
0.385227 -0.030918 0.922304
-0.353564 0.383212 0.853312
0.270451 0.348466 0.897456
0.245586 0.256168 0.934915
0.325632 -0.296680 0.897744
-0.171922 -0.246295 0.953825
-0.186356 0.402263 0.896357
0.014109 -0.514934 0.857114
0.197015 -0.048925 0.979179
0.071075 -0.057988 0.995784
0.030146 0.499353 0.865874
0.446046 -0.279640 0.850203
-0.388883 0.108363 0.914892
-0.225288 -0.089284 0.970193
0.021650 0.282656 0.958977
0.017634 -0.523531 0.851824
0.041400 -0.410913 0.910734
0.198919 0.468888 0.860567
-0.011987 0.027140 0.999560
-0.071402 0.227169 0.971234
-0.270871 -0.199299 0.941758
-0.025389 0.349202 0.936703
0.282937 0.221160 0.933293
0.366873 0.287489 0.884734
0.111582 -0.235571 0.965430
0.351665 0.190545 0.916528
-0.139014 0.095704 0.985655
0.409085 0.054041 0.910895
0.147094 -0.318511 0.936437
0.391125 0.272858 0.878960
-0.467987 -0.054758 0.882037
0.096285 0.354992 0.929898
0.357645 -0.049902 0.932523
-0.109347 -0.121757 0.986518
0.117409 0.234554 0.964987
-0.104686 0.030799 0.994028
-0.390351 -0.080626 0.917129
0.235108 -0.309366 0.921421
0.213434 -0.220468 0.951756
-0.305037 -0.252082 0.918372
0.419687 0.130494 0.898239
0.427071 0.066241 0.901788
0.006362 -0.083303 0.996504
-0.287110 -0.023436 0.957611
0.057712 -0.288670 0.955688
-0.141918 0.131437 0.981114
-0.028598 0.312089 0.949622
0.231613 0.189682 0.954136
-0.516273 0.042013 0.855393
-0.030580 -0.000995 0.999532
-0.024769 0.436106 0.899555
-0.123677 -0.157843 0.979689
-0.245399 0.093461 0.964906
-0.271739 0.131494 0.953345
-0.376483 -0.308385 0.873590
-0.088657 0.386764 0.917907
0.401380 -0.050704 0.914507
0.046222 0.095902 0.994317
-0.391916 0.135726 0.909934
0.197594 -0.287632 0.937136
-0.447177 0.074703 0.891320
-0.047014 0.473883 0.879332
-0.105122 -0.244471 0.963941
-0.462702 0.011590 0.886438
0.019407 0.347912 0.937326
0.014026 -0.289148 0.957182
0.319460 0.151951 0.935338
-0.107514 -0.172929 0.979049
-0.071978 -0.197521 0.977653
0.432351 -0.022726 0.901419
0.369864 -0.150623 0.916795
0.052566 0.093871 0.994196
-0.136523 -0.446137 0.884490
-0.010156 -0.222666 0.974842
-0.144532 -0.217376 0.965328
0.262469 0.428282 0.864687
-0.317178 0.017232 0.948209
-0.031745 -0.151759 0.987908
-0.471812 -0.045614 0.880519
0.024420 -0.436638 0.899306
-0.161764 0.036943 0.986138
0.259558 0.114538 0.958911
-0.021907 0.324540 0.945618
0.188475 0.143473 0.971541
0.419086 0.113406 0.900836
-0.025281 -0.211792 0.976988
-0.354487 0.102772 0.929396
-0.279243 0.303686 0.910933
0.414985 -0.267789 0.869527
0.246789 0.305297 0.919722
0.045212 0.384309 0.922097
-0.020862 0.463353 0.885928
-0.323482 0.137618 0.936173
-0.004331 -0.040206 0.999182
0.367468 -0.175383 0.913350
0.154110 0.276581 0.948553
0.428400 0.303608 0.851055
0.099390 0.368548 0.924280
0.252634 -0.144243 0.956750
-0.191865 -0.114321 0.974740
0.184268 -0.159599 0.969832
0.249311 -0.088065 0.964411
0.389722 -0.243470 0.888166
0.146676 -0.281766 0.948206
0.290123 -0.353651 0.889246
0.233536 -0.193872 0.952824
0.003843 -0.364566 0.931170
0.045733 -0.061657 0.997049
0.359778 -0.264451 0.894776
0.215760 -0.133200 0.967319
0.050338 -0.180274 0.982327
0.314402 0.421124 0.850768
-0.027068 0.081834 0.996278
0.262317 -0.069230 0.962495
-0.337882 0.391966 0.855686
0.033603 0.222901 0.974262
0.450682 0.050497 0.891255
-0.332462 -0.304598 0.892575
-0.317963 0.315187 0.894179
-0.333740 -0.398383 0.854347
-0.170355 -0.269548 0.947799
-0.379092 0.136387 0.915253
-0.268325 -0.006628 0.963306
0.372588 -0.134983 0.918127
0.341524 0.292996 0.893037
0.082663 -0.507769 0.857518
0.416873 0.076688 0.905724
0.248257 0.078526 0.965506
-0.171921 -0.098292 0.980195
0.348288 0.181690 0.919611
0.161102 -0.378945 0.911289
-0.218133 -0.001921 0.975917
-0.039648 -0.251412 0.967068
-0.051253 0.079840 0.995489
-0.198650 0.098077 0.975151
-0.010626 -0.015196 0.999828
0.517508 -0.075987 0.852298
0.200341 0.399668 0.894499
-0.080961 -0.302611 0.949669
-0.438439 -0.279477 0.854203
0.492183 0.028007 0.870041
0.207879 -0.292369 0.933438
-0.241508 0.014660 0.970288
-0.073182 -0.074134 0.994559
-0.386364 0.144949 0.910885
0.263684 0.381314 0.886042
0.344537 -0.005967 0.938754
0.112381 0.185085 0.976276
-0.200831 -0.401582 0.893532
-0.205158 -0.166396 0.964480
0.079429 -0.078307 0.993760
0.526258 -0.003162 0.850319
-0.351843 0.358477 0.864697
0.080647 0.401048 0.912500
0.515337 -0.003961 0.856978
-0.113516 0.215469 0.969890
-0.502898 0.101529 0.858362
0.177142 0.118859 0.976982
0.146917 -0.352885 0.924060
0.045516 0.498679 0.865591
-0.092397 -0.300939 0.949157
-0.219758 -0.012366 0.975476
0.248666 -0.183359 0.951075
0.423729 0.098856 0.900378
0.332866 0.199576 0.921613
0.034599 -0.366840 0.929640
0.169014 -0.329942 0.928748
0.077332 -0.145699 0.986302
0.286072 0.040364 0.957357
-0.140709 -0.218811 0.965569
-0.449348 -0.158104 0.879255
-0.013401 0.381517 0.924265
0.452018 -0.196820 0.870024
0.186731 0.208066 0.960125
0.308614 0.384152 0.870163
-0.143734 -0.030796 0.989137
-0.318237 0.062214 0.945968
-0.428024 0.036914 0.903013
-0.122306 -0.502575 0.855838
-0.305457 0.299766 0.903790
0.100329 -0.351353 0.930852
-0.257843 0.026499 0.965823
0.263527 0.337026 0.903862
0.273910 0.341796 0.898971
-0.339303 -0.213647 0.916094
-0.332747 -0.241415 0.911591
0.119863 -0.181017 0.976148
0.031468 -0.421263 0.906392
-0.161634 -0.017540 0.986695
-0.108637 -0.503331 0.857237
0.033208 0.224344 0.973944
-0.101273 0.027425 0.994481
-0.282544 0.300594 0.910940
-0.327609 -0.282366 0.901633
-0.302832 0.012200 0.952966
0.240059 -0.086020 0.966940
-0.010014 -0.161331 0.986850
-0.400591 0.040445 0.915364
-0.274149 -0.361699 0.891076
-0.185056 0.398970 0.898097
0.019601 0.199493 0.979703
-0.139921 0.164595 0.976386
-0.488504 0.187366 0.852208
-0.500106 0.115935 0.858169
0.152293 0.210817 0.965590
-0.337421 0.232508 0.912188
-0.363942 0.265411 0.892806
-0.056755 -0.405535 0.912316
0.207466 0.331819 0.920247
-0.203606 -0.016033 0.978922
-0.443036 0.288603 0.848780
-0.157137 0.049003 0.986360
-0.146951 -0.354242 0.923536
0.446773 -0.214102 0.868651
-0.031083 0.398664 0.916570
0.410951 -0.312000 0.856607
-0.320727 0.026405 0.946804
0.473518 -0.012949 0.880689
0.152613 0.193575 0.969143
-0.441377 0.110137 0.890537
-0.094047 0.055573 0.994016
-0.418322 0.120735 0.900239
-0.083941 0.480297 0.873080
-0.437177 0.132287 0.889593
-0.027338 -0.133472 0.990675
0.162468 0.267648 0.949720
0.268997 -0.036878 0.962435
0.500897 0.077062 0.862069
0.281538 -0.213456 0.935507
0.119143 -0.007229 0.992851
0.333188 0.370384 0.867065
0.263874 -0.361761 0.894147
0.123298 -0.131328 0.983642
0.489583 -0.067299 0.869356
0.142519 -0.252572 0.957024
-0.142764 0.096223 0.985068
-0.276279 -0.297972 0.913719
0.013992 -0.161419 0.986787
0.177428 -0.171023 0.969160
